date,code,open,close,high,2nd_min_price,lowest_price,lowest_prediction
2022-05-13 09:00:00,CTR,74.2,73.1,75.4,71.2,71.0,0.0
2022-05-13 10:00:00,CTR,72.4,72.5,73.5,72.1,72.0,71.0
2022-05-13 11:00:00,CTR,72.1,70.5,72.1,70.6,70.5,71.5
2022-05-13 13:00:00,CTR,70.5,70.4,71.8,69.3,69.2,71.16666666666667
2022-05-13 14:00:00,CTR,70.0,69.2,70.0,69.3,69.2,70.675
2022-05-16 09:00:00,CTR,71.1,71.0,72.4,70.9,70.7,70.38
2022-05-16 10:00:00,CTR,70.9,70.5,71.1,69.1,69.0,70.32000000000001
2022-05-16 11:00:00,CTR,70.0,70.0,70.0,69.5,69.2,69.72
2022-05-16 13:00:00,CTR,70.0,69.1,70.0,68.0,67.4,69.42
2022-05-16 14:00:00,CTR,69.2,69.2,69.8,69.2,69.1,68.8
2022-05-17 09:00:00,CTR,70.0,69.9,70.4,68.9,68.8,68.78
2022-05-17 10:00:00,CTR,70.0,71.0,71.4,69.6,69.5,69.38
2022-05-17 11:00:00,CTR,71.0,72.0,72.4,71.0,70.9,70.38
2022-05-17 13:00:00,CTR,71.9,74.0,74.0,72.0,71.9,71.02
2022-05-17 14:00:00,CTR,74.0,74.0,74.0,73.9,73.8,71.3
2022-05-18 09:00:00,CTR,75.6,76.8,77.5,75.1,75.0,71.92
2022-05-18 10:00:00,CTR,76.8,76.7,77.0,75.4,75.3,72.74
2022-05-18 11:00:00,CTR,76.7,76.5,76.7,76.1,76.0,73.4
2022-05-18 13:00:00,CTR,76.5,74.9,76.7,74.7,74.5,74.22
2022-05-18 14:00:00,CTR,74.8,75.9,76.0,74.4,74.0,74.92
2022-05-19 09:00:00,CTR,73.1,74.0,75.0,73.5,73.1,72.54
2022-05-19 10:00:00,CTR,74.0,75.0,75.8,74.0,73.8,74.08
2022-05-19 11:00:00,CTR,75.3,76.0,76.7,75.0,74.9,74.96
2022-05-19 13:00:00,CTR,76.2,75.8,77.5,75.7,75.6,75.14
2022-05-19 14:00:00,CTR,75.7,76.9,77.3,75.7,75.6,75.36
2022-05-20 09:00:00,CTR,77.1,78.6,79.0,77.1,77.0,75.5
2022-05-20 10:00:00,CTR,78.6,79.1,79.7,78.6,78.5,75.89999999999999
2022-05-20 11:00:00,CTR,79.1,78.7,79.3,78.4,78.3,76.48
2022-05-20 13:00:00,CTR,78.6,78.3,78.7,77.7,77.6,77.02
2022-05-20 14:00:00,CTR,78.0,78.8,78.8,77.6,77.5,77.48
2022-05-23 09:00:00,CTR,79.9,78.4,79.9,78.3,78.0,77.78
2022-05-23 10:00:00,CTR,78.4,78.8,79.5,78.5,78.4,77.98
2022-05-23 11:00:00,CTR,79.0,78.6,79.0,78.5,78.4,78.16
2022-05-23 13:00:00,CTR,78.7,77.5,79.1,77.6,77.5,78.04
2022-05-23 14:00:00,CTR,77.0,77.5,77.6,75.5,75.0,75.5
2022-05-24 09:00:00,CTR,75.5,75.8,77.0,75.5,75.4,75.42
2022-05-24 10:00:00,CTR,75.8,75.8,76.7,75.6,75.5,75.5
2022-05-24 11:00:00,CTR,75.8,76.8,77.0,75.8,75.7,75.48
2022-05-24 13:00:00,CTR,75.9,75.2,76.2,75.0,74.9,74.86
2022-05-24 14:00:00,CTR,75.2,78.0,78.0,75.1,75.0,75.32
2022-05-25 09:00:00,CTR,78.0,78.5,80.0,78.3,78.0,78.22
2022-05-25 10:00:00,CTR,78.5,78.4,79.0,78.4,78.3,78.24
2022-05-25 11:00:00,CTR,78.8,79.5,80.5,78.8,78.4,78.24
2022-05-25 13:00:00,CTR,79.5,81.3,82.2,79.8,79.5,78.26
2022-05-25 14:00:00,CTR,81.3,82.8,82.8,81.4,81.3,78.54
2022-05-26 09:00:00,CTR,82.8,82.7,83.0,82.0,81.9,79.14
2022-05-26 10:00:00,CTR,82.7,81.8,82.8,81.6,81.5,79.82000000000001
2022-05-26 11:00:00,CTR,81.8,82.0,82.0,81.7,81.6,80.52
2022-05-26 13:00:00,CTR,81.7,81.0,81.9,81.0,80.9,81.16
2022-05-26 14:00:00,CTR,81.4,81.9,81.9,81.1,81.0,81.44
2022-05-27 09:00:00,CTR,81.9,81.0,82.0,81.5,81.0,81.26
2022-05-27 10:00:00,CTR,81.6,81.3,81.6,81.1,81.0,81.2
2022-05-27 11:00:00,CTR,81.5,81.5,81.5,81.2,81.1,81.1
2022-05-27 13:00:00,CTR,81.5,82.5,83.1,81.6,81.5,81.46
2022-05-27 14:00:00,CTR,82.6,82.4,82.6,82.0,81.9,81.56
2022-05-30 09:00:00,CTR,82.4,82.2,82.4,81.7,81.5,81.68
2022-05-30 10:00:00,CTR,82.2,81.5,82.5,81.5,81.4,81.3
2022-05-30 11:00:00,CTR,81.4,81.6,81.8,81.5,81.4,81.14
2022-05-30 13:00:00,CTR,81.7,81.5,81.8,81.1,81.0,81.08
2022-05-30 14:00:00,CTR,81.5,81.9,82.4,81.2,81.1,81.28
2022-05-31 09:00:00,CTR,81.7,81.5,81.8,81.0,80.9,81.0
2022-05-31 10:00:00,CTR,81.5,81.1,81.5,80.7,80.6,80.98
2022-05-31 11:00:00,CTR,81.5,81.8,82.4,81.0,80.8,81.08
2022-05-31 13:00:00,CTR,81.7,80.3,81.7,80.3,80.2,80.88
2022-05-31 14:00:00,CTR,80.3,81.7,81.8,80.3,80.2,80.6
2022-06-01 09:00:00,CTR,81.5,80.9,81.5,80.9,80.8,80.9
2022-06-01 10:00:00,CTR,81.2,80.0,81.2,80.1,80.0,80.7
2022-06-01 11:00:00,CTR,80.0,80.3,80.3,79.7,79.6,79.32000000000001
2022-06-01 13:00:00,CTR,80.4,80.2,80.4,79.9,79.8,80.24
2022-06-01 14:00:00,CTR,80.2,80.4,81.0,80.2,80.1,80.03999999999999
2022-06-02 09:00:00,CTR,80.4,81.3,81.9,80.5,80.4,80.42
2022-06-02 10:00:00,CTR,81.3,81.5,81.8,81.0,80.9,81.0
2022-06-02 11:00:00,CTR,81.5,81.5,81.6,81.4,81.3,81.08
2022-06-02 13:00:00,CTR,81.6,83.2,83.2,81.4,81.3,81.62
2022-06-02 14:00:00,CTR,83.2,83.5,83.9,82.1,82.0,81.62
2022-06-03 09:00:00,CTR,83.4,82.3,83.5,82.4,82.3,81.76
2022-06-03 10:00:00,CTR,82.3,81.9,82.6,81.9,81.8,81.58
2022-06-03 11:00:00,CTR,81.9,82.0,82.5,81.9,81.8,81.64
2022-06-03 13:00:00,CTR,82.0,82.1,83.0,81.7,81.6,81.62
2022-06-03 14:00:00,CTR,82.5,82.9,82.9,82.0,81.9,81.74
2022-06-06 09:00:00,CTR,82.9,84.8,84.8,82.1,82.0,81.88
2022-06-06 10:00:00,CTR,84.7,85.2,85.5,84.6,84.5,82.02
2022-06-06 11:00:00,CTR,85.2,86.8,87.2,85.3,85.2,82.54
2022-06-06 13:00:00,CTR,86.8,87.2,87.4,86.8,86.7,83.2
2022-06-06 14:00:00,CTR,87.3,86.9,87.6,85.9,85.8,84.08
2022-06-07 09:00:00,CTR,87.0,86.0,87.0,85.7,85.6,84.84
2022-06-07 10:00:00,CTR,86.0,85.6,86.2,84.9,84.8,85.56
2022-06-07 11:00:00,CTR,85.6,86.0,86.1,84.6,84.5,85.17999999999999
2022-06-07 13:00:00,CTR,86.0,88.4,88.4,85.5,85.4,85.56
2022-06-07 14:00:00,CTR,88.4,89.8,89.9,87.0,86.9,85.74
2022-06-08 09:00:00,CTR,90.0,91.1,91.1,89.6,89.5,86.08
2022-06-08 10:00:00,CTR,91.2,90.8,91.3,90.6,90.5,86.86
2022-06-08 11:00:00,CTR,90.9,90.9,91.1,90.9,90.8,87.88
2022-06-08 13:00:00,CTR,90.9,90.3,91.3,90.4,90.3,88.88
2022-06-08 14:00:00,CTR,90.3,90.4,90.4,89.6,89.5,89.6
2022-06-09 09:00:00,CTR,90.0,89.5,90.2,89.1,89.0,90.12
2022-06-09 10:00:00,CTR,89.5,88.6,89.5,88.4,88.3,89.04
2022-06-09 11:00:00,CTR,88.6,88.5,89.0,88.6,88.5,88.08
2022-06-09 13:00:00,CTR,88.8,88.8,89.2,88.5,88.4,88.44
2022-06-09 14:00:00,CTR,88.8,89.1,89.4,88.7,88.6,88.22
2022-06-10 09:00:00,CTR,88.5,88.1,88.8,87.6,87.5,88.14
2022-06-10 10:00:00,CTR,88.1,88.5,88.8,87.8,87.7,88.26
2022-06-10 11:00:00,CTR,88.4,87.4,88.5,87.4,87.3,87.76
2022-06-10 13:00:00,CTR,87.2,87.6,88.0,87.2,87.1,87.0
2022-06-10 14:00:00,CTR,87.6,85.2,87.7,86.0,85.2,86.0
2022-06-13 09:00:00,CTR,80.1,82.1,84.2,80.2,80.1,80.88
2022-06-13 10:00:00,CTR,82.1,81.5,83.1,81.4,81.3,81.62
2022-06-13 11:00:00,CTR,81.5,81.6,82.0,80.7,80.5,80.92
2022-06-13 13:00:00,CTR,81.9,80.4,81.9,79.7,79.6,80.5
2022-06-13 14:00:00,CTR,80.4,79.3,81.2,79.4,79.3,79.58
2022-06-14 09:00:00,CTR,75.2,79.7,80.9,76.4,75.2,77.18
2022-06-14 10:00:00,CTR,79.8,79.7,80.0,79.0,78.9,79.12
2022-06-14 11:00:00,CTR,79.7,80.8,81.6,79.8,79.7,79.96
2022-06-14 13:00:00,CTR,80.8,80.4,82.9,80.0,79.9,79.88
2022-06-14 14:00:00,CTR,80.7,83.0,83.0,80.1,80.0,81.0
2022-06-15 09:00:00,CTR,82.9,81.3,82.9,81.4,81.3,81.5
2022-06-15 10:00:00,CTR,81.2,81.1,81.6,80.7,80.6,80.84
2022-06-15 11:00:00,CTR,81.2,81.6,81.6,81.0,80.9,81.06
2022-06-15 13:00:00,CTR,81.6,81.9,82.2,81.3,81.2,81.17999999999999
2022-06-15 14:00:00,CTR,82.0,82.5,83.3,81.3,81.2,81.52
2022-06-16 09:00:00,CTR,83.4,82.7,83.4,82.6,82.5,82.0
2022-06-16 10:00:00,CTR,82.7,83.0,83.8,82.3,82.2,82.12
2022-06-16 11:00:00,CTR,83.0,83.0,83.3,83.1,83.0,82.16
2022-06-16 13:00:00,CTR,83.0,82.7,83.4,82.6,82.5,82.38
2022-06-16 14:00:00,CTR,82.5,82.0,83.3,82.5,82.0,82.08
2022-06-17 09:00:00,CTR,66.0,66.2,67.0,65.0,64.5,68.74
2022-06-17 10:00:00,CTR,66.3,65.3,66.3,64.6,64.5,67.8
2022-06-17 11:00:00,CTR,64.5,65.0,65.5,64.9,64.5,66.94
2022-06-17 13:00:00,CTR,65.0,65.5,65.5,63.9,63.8,66.0
2022-06-17 14:00:00,CTR,65.6,68.4,68.4,65.7,65.6,64.94
2022-06-20 09:00:00,CTR,68.0,69.2,69.9,68.2,68.0,68.74
2022-06-20 10:00:00,CTR,69.2,68.2,69.3,68.1,68.0,68.5
2022-06-20 11:00:00,CTR,68.2,68.1,68.7,68.1,68.0,68.34
2022-06-20 13:00:00,CTR,68.1,66.8,68.2,66.1,66.0,66.12
2022-06-20 14:00:00,CTR,66.1,67.8,68.3,66.3,66.1,66.42
2022-06-21 09:00:00,CTR,67.8,67.0,67.8,66.4,66.1,66.03999999999999
2022-06-21 10:00:00,CTR,67.0,66.8,67.3,66.5,66.3,65.66
2022-06-21 11:00:00,CTR,66.3,66.7,66.8,66.7,66.3,65.8
2022-06-21 13:00:00,CTR,66.4,65.0,66.7,64.5,64.2,64.72
2022-06-21 14:00:00,CTR,65.0,64.0,65.8,63.2,63.1,64.3
2022-06-22 09:00:00,CTR,65.0,64.0,65.0,62.8,62.6,64.02
2022-06-22 10:00:00,CTR,64.0,63.4,64.0,62.8,62.7,63.7
2022-06-22 11:00:00,CTR,63.3,62.0,63.6,62.0,61.6,63.34
2022-06-22 13:00:00,CTR,61.6,62.0,62.2,61.3,61.2,62.9
2022-06-22 14:00:00,CTR,62.0,61.5,62.4,61.0,60.8,62.24
2022-06-23 09:00:00,CTR,61.5,61.9,62.5,60.9,60.8,61.78
2022-06-23 10:00:00,CTR,62.0,61.8,62.0,61.1,61.0,61.42
2022-06-23 11:00:00,CTR,61.7,61.7,61.7,61.1,61.0,61.08
2022-06-23 13:00:00,CTR,61.6,62.6,62.9,61.6,61.5,60.96
2022-06-23 14:00:00,CTR,62.6,64.0,64.0,62.1,62.0,61.92
2022-06-24 09:00:00,CTR,64.3,63.9,64.3,63.5,63.4,63.34
2022-06-24 10:00:00,CTR,63.9,62.8,63.9,62.9,62.8,62.46
2022-06-24 11:00:00,CTR,62.8,63.2,63.3,63.0,62.8,62.12
2022-06-24 13:00:00,CTR,62.9,63.0,63.2,62.5,62.4,62.38
2022-06-24 14:00:00,CTR,63.0,63.1,63.2,62.1,62.0,62.32
2022-06-27 09:00:00,CTR,62.9,62.0,62.9,61.8,61.7,61.66
2022-06-27 10:00:00,CTR,62.2,61.7,62.2,61.7,61.6,61.14
2022-06-27 11:00:00,CTR,61.7,61.7,61.9,61.6,61.5,61.12
2022-06-27 13:00:00,CTR,61.9,62.0,62.2,61.9,61.8,61.26
2022-06-27 14:00:00,CTR,62.0,63.1,63.1,61.9,61.8,62.14
2022-06-28 09:00:00,CTR,62.6,63.0,63.1,62.6,62.3,62.14
2022-06-28 10:00:00,CTR,63.0,63.9,64.4,62.9,62.8,62.74
2022-06-28 11:00:00,CTR,63.9,64.3,64.3,64.0,63.9,63.2
2022-06-28 13:00:00,CTR,64.3,64.1,64.6,64.0,63.9,63.42
2022-06-28 14:00:00,CTR,64.1,64.0,64.5,63.8,63.7,63.339999999999996
2022-06-29 09:00:00,CTR,63.5,63.7,63.9,63.1,63.0,62.9
2022-06-29 10:00:00,CTR,63.6,63.3,63.8,63.1,63.0,62.82
2022-06-29 11:00:00,CTR,63.3,63.0,63.3,62.9,62.6,62.5
2022-06-29 13:00:00,CTR,63.0,62.8,63.2,62.7,62.6,62.42
2022-06-29 14:00:00,CTR,62.8,62.6,63.1,62.8,62.6,62.54
2022-06-30 09:00:00,CTR,63.0,63.5,63.6,62.7,62.6,62.76
2022-06-30 10:00:00,CTR,63.5,63.0,63.5,63.1,63.0,62.76
2022-06-30 11:00:00,CTR,63.1,63.4,63.4,63.2,63.1,62.8
2022-06-30 13:00:00,CTR,63.4,62.8,63.4,62.7,62.6,62.64
2022-06-30 14:00:00,CTR,62.8,62.0,62.8,62.3,62.0,62.02
2022-07-01 09:00:00,CTR,61.0,61.0,61.9,60.9,60.8,61.06
2022-07-01 10:00:00,CTR,60.9,60.9,61.3,60.5,60.4,61.019999999999996
2022-07-01 11:00:00,CTR,60.9,60.5,60.9,60.5,60.4,60.94
2022-07-01 13:00:00,CTR,60.5,62.1,62.9,60.4,60.3,61.019999999999996
2022-07-01 14:00:00,CTR,62.1,63.7,63.8,62.4,62.1,62.3
2022-07-04 09:00:00,CTR,62.8,63.6,64.2,63.0,62.8,62.9
2022-07-04 10:00:00,CTR,63.6,63.1,63.6,63.1,63.0,62.8
2022-07-04 11:00:00,CTR,63.0,63.0,63.3,63.1,63.0,62.82
2022-07-04 13:00:00,CTR,63.0,63.1,63.5,63.1,63.0,62.9
2022-07-04 14:00:00,CTR,63.1,62.9,63.2,62.5,62.3,62.44
2022-07-05 09:00:00,CTR,62.8,61.9,62.8,61.8,61.7,61.74
2022-07-05 10:00:00,CTR,61.8,61.2,62.0,61.1,61.0,61.019999999999996
2022-07-05 11:00:00,CTR,61.2,61.8,61.8,61.3,61.2,61.1
2022-07-05 13:00:00,CTR,61.7,61.1,62.0,61.1,61.0,60.92
2022-07-05 14:00:00,CTR,61.1,60.0,61.5,60.8,60.0,60.72
2022-07-06 09:00:00,CTR,59.5,60.2,60.5,59.6,59.5,60.56
2022-07-06 10:00:00,CTR,60.2,60.4,60.4,60.0,59.9,60.22
2022-07-06 11:00:00,CTR,60.3,60.0,60.3,60.0,59.9,60.04
2022-07-06 13:00:00,CTR,60.2,59.4,60.2,59.5,59.4,59.94
2022-07-06 14:00:00,CTR,59.7,57.2,60.0,57.5,57.2,59.82
2022-07-07 09:00:00,CTR,57.0,56.8,58.0,57.0,56.8,59.18
2022-07-07 10:00:00,CTR,57.0,58.0,58.4,56.6,56.5,58.56
2022-07-07 11:00:00,CTR,58.0,58.0,58.0,57.9,57.8,57.88
2022-07-07 13:00:00,CTR,58.0,57.9,58.4,57.3,57.2,57.54
2022-07-07 14:00:00,CTR,58.0,58.0,58.2,57.8,57.7,57.1
2022-07-08 09:00:00,CTR,58.2,59.5,59.5,58.4,58.2,58.32
2022-07-08 10:00:00,CTR,59.4,59.6,60.0,59.5,59.4,59.38
2022-07-08 11:00:00,CTR,59.7,59.8,60.0,59.7,59.6,59.62
2022-07-08 13:00:00,CTR,59.8,60.4,60.5,59.9,59.8,59.66
2022-07-08 14:00:00,CTR,60.4,60.5,60.7,60.1,60.0,60.08
2022-07-11 09:00:00,CTR,60.5,60.8,60.8,60.1,60.0,60.1
2022-07-11 10:00:00,CTR,60.8,60.1,60.8,60.1,60.0,60.04
2022-07-11 11:00:00,CTR,60.1,60.2,60.2,60.1,60.0,59.839999999999996
2022-07-11 13:00:00,CTR,60.3,59.4,60.3,59.3,59.2,59.66
2022-07-11 14:00:00,CTR,59.5,59.2,59.6,58.4,58.2,59.160000000000004
2022-07-12 09:00:00,CTR,59.5,59.4,60.0,59.5,59.4,59.42
2022-07-12 10:00:00,CTR,59.5,60.0,60.0,59.5,59.4,59.54
2022-07-12 11:00:00,CTR,60.0,59.8,60.0,59.8,59.5,59.66
2022-07-12 13:00:00,CTR,59.8,60.9,60.9,59.8,59.5,59.839999999999996
2022-07-12 14:00:00,CTR,60.9,61.4,61.4,60.8,60.7,60.76
2022-07-13 09:00:00,CTR,61.4,61.4,61.6,61.0,60.9,60.980000000000004
2022-07-13 10:00:00,CTR,61.4,62.3,62.6,61.0,60.9,61.14
2022-07-13 11:00:00,CTR,62.3,62.4,62.5,62.0,61.9,61.76
2022-07-13 13:00:00,CTR,62.4,62.4,62.9,62.3,62.2,62.1
2022-07-13 14:00:00,CTR,62.4,62.2,62.4,62.0,61.9,61.9
2022-07-14 09:00:00,CTR,62.0,62.1,62.2,61.5,61.1,61.42
2022-07-14 10:00:00,CTR,62.2,62.9,62.9,62.1,62.0,61.94
2022-07-14 11:00:00,CTR,62.9,63.4,63.8,62.9,62.8,62.86
2022-07-14 13:00:00,CTR,63.4,63.0,63.4,62.9,62.8,62.84
2022-07-14 14:00:00,CTR,63.0,62.8,63.0,62.7,62.6,62.44
2022-07-15 09:00:00,CTR,63.1,63.0,63.2,63.1,63.0,62.839999999999996
2022-07-15 10:00:00,CTR,63.0,63.9,64.0,63.1,63.0,62.8
2022-07-15 11:00:00,CTR,63.7,64.0,64.3,63.8,63.7,63.58
2022-07-15 13:00:00,CTR,63.9,63.9,64.2,63.7,63.6,63.72
2022-07-15 14:00:00,CTR,63.9,63.0,64.0,63.2,63.0,62.9
2022-07-18 09:00:00,CTR,63.3,63.8,63.8,63.1,63.0,62.98
2022-07-18 10:00:00,CTR,63.8,63.3,63.8,63.1,63.0,62.94
2022-07-18 11:00:00,CTR,63.3,63.2,63.5,63.2,63.1,62.98
2022-07-18 13:00:00,CTR,63.2,62.8,63.4,62.9,62.8,62.72
2022-07-18 14:00:00,CTR,62.8,62.8,62.9,62.6,62.5,62.5
2022-07-19 09:00:00,CTR,62.8,62.5,62.8,62.4,62.2,62.38
2022-07-19 10:00:00,CTR,62.6,62.0,62.6,62.0,61.9,61.84
2022-07-19 11:00:00,CTR,62.2,62.0,62.2,61.8,61.7,61.66
2022-07-19 13:00:00,CTR,62.0,62.4,62.5,61.9,61.8,61.68
2022-07-19 14:00:00,CTR,62.3,62.3,63.0,62.1,62.0,61.96
2022-07-20 09:00:00,CTR,63.1,64.2,64.4,63.2,63.1,62.92
2022-07-20 10:00:00,CTR,64.2,64.8,64.9,64.2,64.1,63.94
2022-07-20 11:00:00,CTR,64.7,65.0,65.0,64.7,64.6,64.03999999999999
2022-07-20 13:00:00,CTR,65.0,65.8,66.0,65.0,64.9,64.38
2022-07-20 14:00:00,CTR,65.8,65.9,66.0,65.8,65.7,64.88
2022-07-21 09:00:00,CTR,66.6,66.1,66.6,66.0,65.9,65.46
2022-07-21 10:00:00,CTR,66.2,65.9,66.2,65.7,65.6,65.10000000000001
2022-07-21 11:00:00,CTR,65.9,65.9,66.0,65.9,65.8,65.32000000000001
2022-07-21 13:00:00,CTR,65.9,65.8,66.0,65.9,65.8,65.58
2022-07-21 14:00:00,CTR,65.7,65.9,66.3,65.8,65.7,65.76
2022-07-22 09:00:00,CTR,65.8,67.0,67.5,65.0,64.7,65.56
2022-07-22 10:00:00,CTR,67.2,67.1,67.2,67.0,66.9,66.12
2022-07-22 11:00:00,CTR,67.1,67.1,67.2,67.1,67.0,66.3
2022-07-22 13:00:00,CTR,67.1,66.7,67.1,66.7,66.6,66.52
2022-07-22 14:00:00,CTR,66.7,65.9,66.8,65.9,65.8,65.76
2022-07-25 09:00:00,CTR,65.5,65.0,65.5,65.0,64.5,64.46
2022-07-25 10:00:00,CTR,65.0,64.6,65.4,64.6,64.5,64.3
2022-07-25 11:00:00,CTR,64.5,64.6,64.8,64.6,64.5,64.32
2022-07-25 13:00:00,CTR,64.6,64.9,64.9,64.2,64.0,64.32
2022-07-25 14:00:00,CTR,64.7,65.1,65.4,64.9,64.7,64.52
2022-07-26 09:00:00,CTR,65.6,65.3,65.6,65.2,65.0,65.12
2022-07-26 10:00:00,CTR,65.5,65.2,65.5,65.1,65.0,64.72
2022-07-26 11:00:00,CTR,65.2,65.3,65.4,65.3,65.2,64.82000000000001
2022-07-26 13:00:00,CTR,65.2,65.1,65.6,65.2,65.1,64.88
2022-07-26 14:00:00,CTR,65.3,65.1,65.4,65.0,64.9,64.96
2022-07-27 09:00:00,CTR,64.5,65.0,65.0,64.4,64.3,64.38
2022-07-27 10:00:00,CTR,65.0,64.8,65.3,64.9,64.8,64.76
2022-07-27 11:00:00,CTR,64.9,65.0,65.2,65.0,64.9,64.7
2022-07-27 13:00:00,CTR,65.0,65.3,65.8,65.1,65.0,64.96000000000001
2022-07-27 14:00:00,CTR,65.3,65.4,65.4,65.4,65.3,65.04
2022-07-28 09:00:00,CTR,66.8,66.3,66.8,66.1,66.0,66.17999999999999
2022-07-28 10:00:00,CTR,66.2,66.9,67.0,66.1,66.0,66.22
2022-07-28 11:00:00,CTR,66.9,67.2,67.2,66.9,66.8,66.62
2022-07-28 13:00:00,CTR,67.2,67.4,67.4,67.0,66.9,66.72
2022-07-28 14:00:00,CTR,67.4,67.0,67.4,67.0,66.9,66.84
2022-07-29 09:00:00,CTR,67.0,68.1,68.5,66.8,66.7,66.56
2022-07-29 10:00:00,CTR,68.1,68.0,68.7,68.0,67.9,67.52
2022-07-29 11:00:00,CTR,68.0,67.9,68.1,68.0,67.9,67.28
2022-07-29 13:00:00,CTR,68.0,67.3,68.2,67.3,67.2,67.14
2022-07-29 14:00:00,CTR,67.3,67.5,67.5,67.2,67.1,66.9
2022-08-01 09:00:00,CTR,68.0,68.3,68.3,67.3,67.2,67.54
2022-08-01 10:00:00,CTR,68.2,68.0,68.2,68.0,67.9,67.64
2022-08-01 11:00:00,CTR,68.0,68.4,68.6,68.1,68.0,67.78
2022-08-01 13:00:00,CTR,68.4,68.2,68.4,68.1,68.0,67.94
2022-08-01 14:00:00,CTR,68.2,68.0,68.2,68.0,67.9,67.9
2022-08-02 09:00:00,CTR,68.0,67.8,68.0,67.7,67.6,67.62
2022-08-02 10:00:00,CTR,67.8,67.7,68.3,67.8,67.7,67.84
2022-08-02 11:00:00,CTR,67.7,67.6,67.7,67.5,67.4,67.5
2022-08-02 13:00:00,CTR,67.6,67.5,67.7,67.3,67.2,67.10000000000001
2022-08-02 14:00:00,CTR,67.5,67.4,67.5,67.4,67.3,67.10000000000001
2022-08-03 09:00:00,CTR,67.1,68.0,68.1,67.0,66.9,67.06
2022-08-03 10:00:00,CTR,68.1,68.3,68.3,67.5,67.4,67.7
2022-08-03 11:00:00,CTR,68.3,68.3,68.3,68.1,68.0,67.96000000000001
2022-08-03 13:00:00,CTR,68.3,68.9,69.0,68.3,68.2,68.0
2022-08-03 14:00:00,CTR,69.0,70.2,70.2,69.1,69.0,68.86
2022-08-04 09:00:00,CTR,70.8,69.9,70.8,69.8,69.7,69.08
2022-08-04 10:00:00,CTR,69.9,69.5,70.0,69.5,69.4,69.06
2022-08-04 11:00:00,CTR,69.5,69.5,69.5,69.4,69.3,69.18
2022-08-04 13:00:00,CTR,69.5,69.9,69.9,69.5,69.4,69.2
2022-08-04 14:00:00,CTR,70.0,69.7,70.2,69.7,69.6,69.2
2022-08-05 09:00:00,CTR,69.1,69.4,69.6,69.1,69.0,69.24
2022-08-05 10:00:00,CTR,69.4,69.2,69.4,69.2,69.1,69.2
2022-08-05 11:00:00,CTR,69.3,69.5,69.5,69.3,69.2,69.17999999999999
2022-08-05 13:00:00,CTR,69.5,69.1,69.5,69.2,69.1,69.14
2022-08-05 14:00:00,CTR,69.2,69.6,69.6,69.2,69.1,69.14
2022-08-08 09:00:00,CTR,69.6,69.8,69.8,69.6,69.5,69.38
2022-08-08 10:00:00,CTR,69.9,69.7,70.0,69.7,69.6,69.42
2022-08-08 11:00:00,CTR,69.6,69.6,69.8,69.7,69.6,69.44
2022-08-08 13:00:00,CTR,69.6,69.6,69.7,69.5,69.4,69.4
2022-08-08 14:00:00,CTR,69.6,69.5,69.6,69.3,69.2,69.22
2022-08-09 09:00:00,CTR,69.9,70.1,70.1,69.7,69.6,69.46
2022-08-09 10:00:00,CTR,70.0,69.9,70.2,69.9,69.8,69.48
2022-08-09 11:00:00,CTR,69.9,70.1,70.1,70.0,69.9,69.56
2022-08-09 13:00:00,CTR,70.1,69.6,70.1,69.7,69.6,69.52
2022-08-09 14:00:00,CTR,69.8,69.7,69.8,69.4,69.3,69.42
2022-08-10 09:00:00,CTR,69.6,69.4,69.7,69.1,69.0,69.17999999999999
2022-08-10 10:00:00,CTR,69.5,69.0,69.6,69.1,69.0,69.1
2022-08-10 11:00:00,CTR,69.0,69.2,69.4,69.0,68.9,69.1
2022-08-10 13:00:00,CTR,69.2,68.8,69.3,68.9,68.8,69.03999999999999
2022-08-10 14:00:00,CTR,68.7,68.2,68.7,68.1,68.0,67.98
2022-08-11 09:00:00,CTR,69.0,68.5,69.2,68.4,68.3,68.38
2022-08-11 10:00:00,CTR,68.5,68.4,68.8,68.3,68.2,68.04
2022-08-11 11:00:00,CTR,68.4,68.6,68.6,68.5,68.4,68.08
2022-08-11 13:00:00,CTR,68.6,68.9,68.9,68.5,68.4,68.38
2022-08-11 14:00:00,CTR,69.0,69.0,69.1,68.6,68.5,68.52
2022-08-12 09:00:00,CTR,69.0,68.7,69.2,68.3,68.0,68.4
2022-08-12 10:00:00,CTR,69.0,68.8,69.0,68.7,68.6,68.4
2022-08-12 11:00:00,CTR,68.8,68.9,68.9,68.8,68.7,68.64
2022-08-12 13:00:00,CTR,68.7,69.1,69.1,68.6,68.5,68.48
2022-08-12 14:00:00,CTR,69.1,68.7,69.1,68.9,68.7,68.58
2022-08-15 09:00:00,CTR,69.0,69.5,69.8,69.1,69.0,69.06
2022-08-15 10:00:00,CTR,69.3,70.7,70.8,69.4,69.3,69.26
2022-08-15 11:00:00,CTR,70.7,70.9,71.5,70.8,70.7,70.26
2022-08-15 13:00:00,CTR,70.9,70.6,71.0,70.7,70.6,70.10000000000001
2022-08-15 14:00:00,CTR,70.6,71.3,71.4,70.7,70.6,70.48
2022-08-16 09:00:00,CTR,71.0,71.0,71.2,70.6,70.5,70.42
2022-08-16 10:00:00,CTR,71.0,70.5,71.0,70.5,70.4,70.42
2022-08-16 11:00:00,CTR,70.5,70.6,70.6,70.6,70.5,70.56
2022-08-16 13:00:00,CTR,70.6,70.7,71.2,70.7,70.6,70.54
2022-08-16 14:00:00,CTR,70.7,71.1,71.1,70.7,70.6,70.6
2022-08-17 09:00:00,CTR,72.0,72.6,73.5,71.8,71.7,71.2
2022-08-17 10:00:00,CTR,72.6,73.0,73.1,72.7,72.6,72.5
2022-08-17 11:00:00,CTR,73.0,72.9,73.1,73.0,72.9,72.4
2022-08-17 13:00:00,CTR,72.9,73.9,74.1,73.0,72.9,72.86
2022-08-17 14:00:00,CTR,73.8,73.3,73.9,73.2,73.1,73.06
2022-08-18 09:00:00,CTR,73.0,73.6,74.2,72.5,72.4,72.72
2022-08-18 10:00:00,CTR,73.7,73.9,74.1,73.6,73.5,73.06
2022-08-18 11:00:00,CTR,73.9,74.1,74.3,73.9,73.8,73.28
2022-08-18 13:00:00,CTR,74.1,74.1,74.4,74.0,73.9,73.46
2022-08-18 14:00:00,CTR,74.1,73.9,74.2,73.8,73.7,73.62
2022-08-19 09:00:00,CTR,73.9,75.2,75.2,73.1,73.0,73.62
2022-08-19 10:00:00,CTR,75.2,74.4,75.2,74.5,74.4,74.02
2022-08-19 11:00:00,CTR,74.7,74.5,74.7,74.6,74.5,73.92
2022-08-19 13:00:00,CTR,74.5,74.1,74.8,74.1,74.0,74.06
2022-08-19 14:00:00,CTR,74.1,74.0,74.5,73.7,73.6,73.74
2022-08-22 09:00:00,CTR,73.9,74.2,74.4,73.4,73.3,73.7
2022-08-22 10:00:00,CTR,74.2,74.2,74.8,74.1,74.0,73.8
2022-08-22 11:00:00,CTR,74.2,74.0,74.2,73.8,73.7,73.76
2022-08-22 13:00:00,CTR,74.0,74.1,74.2,73.8,73.7,73.78
2022-08-22 14:00:00,CTR,74.1,74.1,74.7,74.1,74.0,73.86
2022-08-23 09:00:00,CTR,73.2,74.4,74.8,73.3,73.2,73.32
2022-08-23 10:00:00,CTR,74.4,74.1,74.5,74.1,74.0,73.92
2022-08-23 11:00:00,CTR,74.3,74.0,74.3,74.1,74.0,73.8
2022-08-23 13:00:00,CTR,74.0,74.1,74.4,74.1,74.0,73.88
2022-08-23 14:00:00,CTR,74.1,74.0,74.3,74.1,74.0,73.88
2022-08-24 09:00:00,CTR,74.4,74.4,74.6,74.1,74.0,73.98
2022-08-24 10:00:00,CTR,74.3,74.3,74.6,74.2,74.1,74.0
2022-08-24 11:00:00,CTR,74.4,74.4,74.5,74.4,74.3,74.12
2022-08-24 13:00:00,CTR,74.3,76.1,76.1,74.4,74.3,74.22
2022-08-24 14:00:00,CTR,76.1,76.2,76.2,75.4,75.3,75.34
2022-08-25 09:00:00,CTR,77.0,76.8,77.5,76.6,76.5,75.52
2022-08-25 10:00:00,CTR,76.8,76.1,76.8,76.2,76.1,75.78
2022-08-25 11:00:00,CTR,76.1,76.4,76.4,76.1,76.0,75.72
2022-08-25 13:00:00,CTR,76.2,76.2,76.5,76.1,76.0,75.78
2022-08-25 14:00:00,CTR,76.1,75.9,76.1,75.7,75.6,75.54
2022-08-26 09:00:00,CTR,75.8,76.6,76.6,75.9,75.8,75.72
2022-08-26 10:00:00,CTR,76.6,75.8,76.6,75.8,75.7,75.84
2022-08-26 11:00:00,CTR,75.7,75.4,75.8,75.5,75.4,75.24
2022-08-26 13:00:00,CTR,75.3,75.7,76.0,75.4,75.3,75.26
2022-08-26 14:00:00,CTR,75.6,75.1,75.8,75.1,75.0,75.12
2022-08-29 09:00:00,CTR,73.2,73.5,74.2,73.5,73.2,73.28
2022-08-29 10:00:00,CTR,73.7,72.2,73.7,72.1,72.0,72.6
2022-08-29 11:00:00,CTR,72.2,72.0,72.4,71.6,71.5,71.58
2022-08-29 13:00:00,CTR,71.8,73.1,73.2,71.7,71.6,71.94
2022-08-29 14:00:00,CTR,73.2,73.0,73.5,72.5,72.4,72.38
2022-08-30 09:00:00,CTR,73.8,73.3,74.0,73.2,73.1,73.46
2022-08-30 10:00:00,CTR,73.2,73.2,73.5,73.1,73.0,72.82
2022-08-30 11:00:00,CTR,73.2,73.1,73.3,73.1,73.0,72.8
2022-08-30 13:00:00,CTR,73.0,72.5,73.0,72.6,72.5,72.58
2022-08-30 14:00:00,CTR,72.5,72.0,72.6,72.1,72.0,72.06
2022-08-31 09:00:00,CTR,72.3,72.6,72.8,72.1,72.0,71.96
2022-08-31 10:00:00,CTR,72.6,72.4,72.6,72.4,72.3,72.22
2022-08-31 11:00:00,CTR,72.4,72.5,72.5,72.5,72.4,72.28
2022-08-31 13:00:00,CTR,72.5,72.4,72.6,72.5,72.4,72.24
2022-08-31 14:00:00,CTR,72.5,73.3,74.0,72.6,72.5,72.66
2022-09-05 09:00:00,CTR,73.3,73.6,73.9,73.4,73.3,73.17999999999999
2022-09-05 10:00:00,CTR,73.5,73.8,74.6,73.5,73.4,73.34
2022-09-05 11:00:00,CTR,73.8,73.8,74.0,73.9,73.8,73.7
2022-09-05 13:00:00,CTR,73.8,74.2,74.2,73.7,73.6,73.62
2022-09-05 14:00:00,CTR,74.1,73.7,74.3,73.8,73.7,73.74
2022-09-06 09:00:00,CTR,73.7,75.0,75.0,73.8,73.7,73.6
2022-09-06 10:00:00,CTR,75.0,74.7,75.2,74.7,74.6,74.44
2022-09-06 11:00:00,CTR,74.7,74.6,74.8,74.7,74.6,74.36
2022-09-06 13:00:00,CTR,74.5,74.3,74.6,74.1,74.0,74.08
2022-09-06 14:00:00,CTR,74.3,74.2,74.6,74.3,74.2,74.08
2022-09-07 09:00:00,CTR,74.2,73.6,74.2,73.6,73.5,73.68
2022-09-07 10:00:00,CTR,73.4,73.5,73.8,73.3,73.2,73.14
2022-09-07 11:00:00,CTR,73.5,73.5,73.5,73.5,73.4,73.12
2022-09-07 13:00:00,CTR,73.4,73.0,73.5,72.7,72.6,72.88
2022-09-07 14:00:00,CTR,73.0,71.9,73.3,71.9,71.8,72.16
2022-09-08 09:00:00,CTR,72.9,71.8,72.9,71.8,71.7,71.92
2022-09-08 10:00:00,CTR,71.8,71.5,71.9,71.4,71.3,71.12
2022-09-08 11:00:00,CTR,71.5,71.9,72.0,71.6,71.5,71.28
2022-09-08 13:00:00,CTR,71.9,71.9,72.6,71.7,71.6,71.66
2022-09-08 14:00:00,CTR,71.9,71.6,72.1,71.9,71.6,71.58
2022-09-09 09:00:00,CTR,71.2,71.5,72.0,71.5,71.2,71.2
2022-09-09 10:00:00,CTR,71.6,70.8,71.7,70.9,70.8,70.74
2022-09-09 11:00:00,CTR,70.8,69.9,70.8,70.0,69.9,70.2
2022-09-09 13:00:00,CTR,69.8,70.7,70.9,69.9,69.8,69.76
2022-09-09 14:00:00,CTR,70.7,72.0,72.0,70.7,70.6,70.98
2022-09-12 09:00:00,CTR,73.0,72.8,73.0,72.4,72.3,72.54
2022-09-12 10:00:00,CTR,72.8,72.6,72.8,72.4,72.3,72.38
2022-09-12 11:00:00,CTR,72.5,72.5,72.5,72.4,72.3,72.28
2022-09-12 13:00:00,CTR,72.5,72.6,73.3,72.3,72.2,72.24
2022-09-12 14:00:00,CTR,72.6,72.4,72.9,72.5,72.4,72.36
2022-09-13 09:00:00,CTR,72.4,72.8,72.9,71.3,71.2,71.76
2022-09-13 10:00:00,CTR,72.7,72.8,72.9,72.6,72.5,72.42
2022-09-13 11:00:00,CTR,72.8,73.1,73.2,72.9,72.8,72.8
2022-09-13 13:00:00,CTR,73.1,72.9,73.2,72.8,72.7,72.74
2022-09-13 14:00:00,CTR,72.9,72.4,72.9,72.5,72.4,72.36
2022-09-14 09:00:00,CTR,71.3,71.8,72.0,71.4,71.3,71.3
2022-09-14 10:00:00,CTR,71.7,72.4,72.8,71.7,71.6,71.67999999999999
2022-09-14 11:00:00,CTR,72.4,72.3,72.5,72.4,72.3,72.28
2022-09-14 13:00:00,CTR,72.3,73.1,73.1,72.3,72.2,72.26
2022-09-14 14:00:00,CTR,73.1,73.0,73.1,72.7,72.6,72.62
2022-09-15 09:00:00,CTR,74.9,74.4,74.9,73.7,73.6,74.0
2022-09-15 10:00:00,CTR,74.4,73.7,74.4,73.8,73.7,73.72
2022-09-15 11:00:00,CTR,73.7,73.5,73.7,73.6,73.5,73.36
2022-09-15 13:00:00,CTR,73.5,73.5,73.8,73.4,73.3,73.3
2022-09-15 14:00:00,CTR,73.5,73.4,73.7,73.5,73.4,73.34
2022-09-16 09:00:00,CTR,73.4,73.1,73.9,72.8,72.6,72.84
2022-09-16 10:00:00,CTR,73.2,73.5,73.5,73.0,72.9,73.18
2022-09-16 11:00:00,CTR,73.4,73.5,73.5,73.4,73.3,73.36
2022-09-16 13:00:00,CTR,73.6,73.5,73.6,72.9,72.8,73.1
2022-09-16 14:00:00,CTR,73.4,72.5,73.4,72.6,72.5,72.56
2022-09-19 09:00:00,CTR,72.5,71.4,72.5,71.5,71.4,71.67999999999999
2022-09-19 10:00:00,CTR,71.4,71.1,71.7,71.3,71.1,71.06
2022-09-19 11:00:00,CTR,71.1,71.2,71.2,71.2,71.1,70.7
2022-09-19 13:00:00,CTR,71.2,70.1,71.3,70.0,69.9,69.92
2022-09-19 14:00:00,CTR,70.2,69.0,70.8,68.8,68.5,68.88
2022-09-20 09:00:00,CTR,70.5,69.5,70.5,69.5,69.4,69.64
2022-09-20 10:00:00,CTR,69.5,69.5,69.8,69.4,69.3,69.3
2022-09-20 11:00:00,CTR,69.5,69.0,69.5,69.0,68.9,69.0
2022-09-20 13:00:00,CTR,69.0,69.2,69.5,69.0,68.9,69.02
2022-09-20 14:00:00,CTR,69.1,70.2,70.4,69.1,69.0,69.1
2022-09-21 09:00:00,CTR,69.4,70.0,70.2,69.5,69.4,69.3
2022-09-21 10:00:00,CTR,70.0,70.1,70.5,70.1,70.0,69.7
2022-09-21 11:00:00,CTR,70.0,70.1,70.2,70.1,70.0,69.78
2022-09-21 13:00:00,CTR,70.1,70.8,71.0,70.1,70.0,70.08
2022-09-21 14:00:00,CTR,70.9,71.0,71.0,70.9,70.8,70.67999999999999
2022-09-22 09:00:00,CTR,69.3,70.1,70.5,69.4,69.3,69.22
2022-09-22 10:00:00,CTR,70.5,70.0,70.7,70.1,70.0,69.88
2022-09-22 11:00:00,CTR,70.0,70.1,70.1,70.1,70.0,69.86
2022-09-22 13:00:00,CTR,70.1,70.5,70.5,70.1,70.0,69.96
2022-09-22 14:00:00,CTR,70.3,70.6,71.3,70.3,70.2,70.34
2022-09-23 09:00:00,CTR,70.6,71.2,71.2,70.6,70.1,70.6
2022-09-23 10:00:00,CTR,71.2,71.7,71.7,71.2,71.1,71.28
2022-09-23 11:00:00,CTR,71.7,71.7,72.3,71.7,71.6,71.46
2022-09-23 13:00:00,CTR,71.6,71.3,71.7,71.3,71.2,71.1
2022-09-23 14:00:00,CTR,71.3,70.7,71.5,70.8,70.7,70.74
2022-09-26 09:00:00,CTR,70.7,69.3,70.7,69.1,69.0,69.12
2022-09-26 10:00:00,CTR,69.3,69.0,70.0,68.9,68.8,69.02
2022-09-26 11:00:00,CTR,68.9,69.0,69.1,68.9,68.8,68.6
2022-09-26 13:00:00,CTR,68.9,67.5,69.0,67.1,67.0,67.7
2022-09-26 14:00:00,CTR,67.5,68.3,68.3,67.3,67.2,67.18
2022-09-27 09:00:00,CTR,68.5,67.8,68.6,67.8,67.5,67.96000000000001
2022-09-27 10:00:00,CTR,67.6,67.6,68.0,67.4,67.3,67.44
2022-09-27 11:00:00,CTR,67.6,67.5,67.6,67.5,67.4,67.26
2022-09-27 13:00:00,CTR,67.5,67.6,68.2,67.5,67.4,67.44
2022-09-27 14:00:00,CTR,67.6,67.0,67.6,67.2,67.0,67.18
2022-09-28 09:00:00,CTR,66.9,65.8,66.9,65.3,65.2,65.56
2022-09-28 10:00:00,CTR,65.8,65.4,65.8,65.5,65.4,65.36
2022-09-28 11:00:00,CTR,65.4,65.0,65.5,65.1,65.0,64.9
2022-09-28 13:00:00,CTR,65.0,65.0,65.9,64.7,64.6,64.84
2022-09-28 14:00:00,CTR,65.1,62.4,65.1,64.0,62.4,63.42
2022-09-29 09:00:00,CTR,64.1,64.2,65.0,63.7,63.5,63.8
2022-09-29 10:00:00,CTR,64.2,63.9,64.2,63.9,63.8,63.7
2022-09-29 11:00:00,CTR,63.8,63.9,63.9,63.8,63.7,63.74
2022-09-29 13:00:00,CTR,64.0,62.8,64.0,62.4,62.2,62.82
2022-09-29 14:00:00,CTR,63.0,62.2,63.4,62.7,62.2,62.64
2022-09-30 09:00:00,CTR,62.0,62.0,62.4,61.7,61.6,61.6
2022-09-30 10:00:00,CTR,61.6,60.7,62.2,60.8,60.7,60.9
2022-09-30 11:00:00,CTR,60.7,59.7,60.7,59.7,59.6,59.7
2022-09-30 13:00:00,CTR,59.7,58.9,59.8,58.2,58.0,59.12
2022-09-30 14:00:00,CTR,58.9,60.0,61.0,58.6,58.5,59.46
2022-10-03 09:00:00,CTR,60.0,59.6,60.3,59.8,59.6,59.52
2022-10-03 10:00:00,CTR,59.7,59.0,59.7,58.9,58.8,58.88
2022-10-03 11:00:00,CTR,59.0,58.0,59.0,58.1,58.0,57.78
2022-10-03 13:00:00,CTR,57.8,57.2,58.2,56.9,56.6,57.2
2022-10-03 14:00:00,CTR,56.8,55.8,57.4,55.9,55.8,56.96
2022-10-04 09:00:00,CTR,58.5,56.5,58.5,56.6,56.5,57.22
2022-10-04 10:00:00,CTR,56.5,55.8,56.9,55.8,55.6,56.44
2022-10-04 11:00:00,CTR,55.8,56.7,57.1,55.8,55.6,56.26
2022-10-04 13:00:00,CTR,56.7,56.9,57.6,56.6,56.5,56.26
2022-10-04 14:00:00,CTR,56.9,56.3,57.0,56.0,55.8,56.06
2022-10-05 09:00:00,CTR,57.3,58.3,58.4,57.5,57.3,57.160000000000004
2022-10-05 10:00:00,CTR,58.3,58.6,59.0,58.2,58.0,57.78
2022-10-05 11:00:00,CTR,58.6,58.5,58.7,58.6,58.5,57.94
2022-10-05 13:00:00,CTR,58.5,58.1,58.5,58.0,57.9,58.0
2022-10-05 14:00:00,CTR,58.1,58.6,59.7,58.3,58.1,58.12
2022-10-06 09:00:00,CTR,57.9,58.2,58.6,57.8,57.5,57.58
2022-10-06 10:00:00,CTR,58.2,58.0,58.4,57.9,57.8,57.62
2022-10-06 11:00:00,CTR,58.0,57.8,58.0,57.8,57.7,57.6
2022-10-06 13:00:00,CTR,57.8,58.0,58.0,57.2,57.1,57.54
2022-10-06 14:00:00,CTR,58.0,57.4,58.0,56.5,56.3,56.78
2022-10-07 09:00:00,CTR,55.7,55.0,57.4,54.8,54.5,55.86
2022-10-07 10:00:00,CTR,55.0,54.9,56.0,54.8,54.7,55.46
2022-10-07 11:00:00,CTR,54.9,54.8,55.2,54.6,54.5,55.24
2022-10-07 13:00:00,CTR,54.8,55.1,55.9,54.1,54.0,54.980000000000004
2022-10-07 14:00:00,CTR,55.0,54.6,55.5,54.6,54.5,54.660000000000004
2022-10-10 09:00:00,CTR,54.5,54.8,55.1,54.2,54.0,54.44
2022-10-10 10:00:00,CTR,55.0,55.1,55.5,55.1,55.0,54.34
2022-10-10 11:00:00,CTR,55.2,56.2,57.4,55.3,55.2,55.46
2022-10-10 13:00:00,CTR,56.0,57.4,57.5,56.2,56.0,56.24
2022-10-10 14:00:00,CTR,57.2,57.1,57.5,57.2,57.1,56.66
2022-10-11 09:00:00,CTR,57.2,57.6,58.0,57.3,57.2,56.98
2022-10-11 10:00:00,CTR,57.6,57.9,58.4,57.4,57.3,57.36
2022-10-11 11:00:00,CTR,57.9,56.9,57.9,56.8,56.7,56.66
2022-10-11 13:00:00,CTR,56.7,56.3,56.7,55.4,55.3,55.86
2022-10-11 14:00:00,CTR,55.7,57.0,57.9,55.2,55.1,55.72
2022-10-12 09:00:00,CTR,57.5,58.0,58.0,57.4,57.1,57.22
2022-10-12 10:00:00,CTR,58.0,58.3,58.4,57.9,57.8,57.74
2022-10-12 11:00:00,CTR,58.3,58.4,58.4,58.2,58.1,58.0
2022-10-12 13:00:00,CTR,58.3,60.5,60.9,58.4,58.3,59.0
2022-10-12 14:00:00,CTR,60.5,60.7,60.8,60.2,60.0,60.06
2022-10-13 09:00:00,CTR,61.5,60.4,61.5,59.6,59.5,60.08
2022-10-13 10:00:00,CTR,60.4,60.0,61.3,60.1,60.0,60.0
2022-10-13 11:00:00,CTR,60.0,60.0,60.1,59.8,59.7,59.72
2022-10-13 13:00:00,CTR,59.9,59.6,60.0,59.2,59.1,59.4
2022-10-13 14:00:00,CTR,59.5,59.8,59.9,59.5,59.3,59.38
2022-10-14 09:00:00,CTR,60.8,60.2,61.3,60.0,59.9,60.08
2022-10-14 10:00:00,CTR,60.3,60.1,60.5,60.0,59.9,59.9
2022-10-14 11:00:00,CTR,60.1,60.0,60.2,60.1,60.0,59.8
2022-10-14 13:00:00,CTR,60.0,59.7,60.5,59.7,59.6,59.62
2022-10-14 14:00:00,CTR,59.6,59.8,60.0,59.7,59.6,59.44
2022-10-17 09:00:00,CTR,59.8,60.0,60.4,59.9,59.8,59.82
2022-10-17 10:00:00,CTR,60.0,59.3,60.0,59.2,59.1,59.18
2022-10-17 11:00:00,CTR,59.3,58.5,59.4,58.6,58.5,58.3
2022-10-17 13:00:00,CTR,58.9,59.5,59.5,58.6,58.5,58.34
2022-10-17 14:00:00,CTR,59.5,60.0,60.0,59.6,59.5,59.46
2022-10-18 09:00:00,CTR,61.2,60.7,61.2,60.8,60.7,60.46
2022-10-18 10:00:00,CTR,60.7,60.6,61.3,60.5,60.4,60.28
2022-10-18 11:00:00,CTR,60.6,60.6,60.7,60.6,60.5,60.16
2022-10-18 13:00:00,CTR,60.6,60.3,60.6,60.1,60.0,59.96
2022-10-18 14:00:00,CTR,60.3,60.0,60.5,60.0,59.9,59.94
2022-10-19 09:00:00,CTR,60.0,60.8,60.9,60.0,59.6,59.86
2022-10-19 10:00:00,CTR,60.8,60.0,60.8,60.1,60.0,59.88
2022-10-19 11:00:00,CTR,60.0,60.1,60.4,60.1,60.0,59.92
2022-10-19 13:00:00,CTR,60.1,60.0,60.2,59.8,59.7,59.82
2022-10-19 14:00:00,CTR,60.0,60.7,60.7,60.0,59.9,59.76
2022-10-20 09:00:00,CTR,60.3,60.5,60.7,60.0,59.8,59.96
2022-10-20 10:00:00,CTR,60.6,60.1,60.6,60.1,60.0,59.96
2022-10-20 11:00:00,CTR,60.1,60.2,60.2,59.7,59.6,59.84
2022-10-20 13:00:00,CTR,60.0,60.1,60.2,59.9,59.8,59.800000000000004
2022-10-20 14:00:00,CTR,60.0,60.0,60.5,60.0,59.9,59.92
2022-10-21 09:00:00,CTR,59.5,59.4,60.0,59.5,59.4,59.4
2022-10-21 10:00:00,CTR,59.3,57.3,59.9,57.2,57.0,57.64
2022-10-21 11:00:00,CTR,57.5,57.2,58.3,57.0,56.8,56.72
2022-10-21 13:00:00,CTR,57.1,56.5,57.4,56.5,56.3,56.4
2022-10-21 14:00:00,CTR,56.5,55.8,56.6,55.9,55.8,55.62
2022-10-24 09:00:00,CTR,55.8,55.1,56.1,55.0,53.3,54.54
2022-10-24 10:00:00,CTR,55.0,54.8,55.1,54.4,54.3,54.4
2022-10-24 11:00:00,CTR,54.8,54.3,55.0,54.4,54.3,54.46
2022-10-24 13:00:00,CTR,54.3,52.1,54.3,52.0,51.9,54.32
2022-10-24 14:00:00,CTR,52.2,51.9,52.5,52.0,51.9,53.8
2022-10-25 09:00:00,CTR,51.9,51.9,52.6,51.7,51.6,53.28
2022-10-25 10:00:00,CTR,51.9,51.5,52.0,49.0,48.5,52.74
2022-10-25 11:00:00,CTR,51.5,53.4,53.4,51.6,51.5,51.58
2022-10-25 13:00:00,CTR,53.4,52.0,54.0,52.1,52.0,52.24
2022-10-25 14:00:00,CTR,51.9,51.9,52.4,51.7,51.6,51.1
2022-10-26 09:00:00,CTR,52.0,52.0,52.9,52.1,52.0,51.72
2022-10-26 10:00:00,CTR,52.0,51.5,52.1,51.5,51.0,51.72
2022-10-26 11:00:00,CTR,51.5,51.2,51.5,51.1,51.0,51.62
2022-10-26 13:00:00,CTR,51.2,50.8,52.0,50.4,50.0,50.74
2022-10-26 14:00:00,CTR,50.8,51.5,51.5,50.6,50.5,51.04
2022-10-27 09:00:00,CTR,51.5,52.4,52.4,51.2,51.1,51.62
2022-10-27 10:00:00,CTR,52.4,51.8,52.6,51.8,51.7,51.62
2022-10-27 11:00:00,CTR,52.0,52.1,52.1,51.7,51.5,51.56
2022-10-27 13:00:00,CTR,52.0,53.0,53.8,52.1,52.0,51.8
2022-10-27 14:00:00,CTR,53.0,53.6,53.8,53.2,53.0,51.88
2022-10-28 09:00:00,CTR,54.0,55.1,55.3,54.1,54.0,54.22
2022-10-28 10:00:00,CTR,55.1,55.0,55.2,54.8,54.7,54.6
2022-10-28 11:00:00,CTR,55.0,55.0,55.1,54.4,54.3,54.4
2022-10-28 13:00:00,CTR,55.0,55.2,55.4,54.7,54.5,54.56
2022-10-28 14:00:00,CTR,55.2,54.6,55.7,54.8,54.6,54.68
2022-10-31 09:00:00,CTR,55.0,54.6,55.1,54.7,54.6,54.46
2022-10-31 10:00:00,CTR,54.6,54.8,55.1,54.5,54.4,54.339999999999996
2022-10-31 11:00:00,CTR,54.9,54.5,55.0,54.6,54.5,54.42
2022-10-31 13:00:00,CTR,54.5,55.2,55.2,53.8,53.6,54.14
2022-10-31 14:00:00,CTR,55.3,55.3,55.4,54.8,54.6,54.6
2022-11-01 09:00:00,CTR,55.4,55.4,56.0,55.4,55.3,54.42
2022-11-01 10:00:00,CTR,55.5,55.4,55.7,55.4,55.3,54.54
2022-11-01 11:00:00,CTR,55.4,55.2,55.4,55.2,55.1,54.82
2022-11-01 13:00:00,CTR,55.2,55.0,55.3,54.9,54.8,54.78
2022-11-01 14:00:00,CTR,55.3,54.7,55.3,54.8,54.7,54.64
2022-11-02 09:00:00,CTR,54.8,54.6,54.8,54.2,54.0,54.3
2022-11-02 10:00:00,CTR,54.6,53.8,54.6,53.9,53.8,54.24
2022-11-02 11:00:00,CTR,53.8,53.7,53.9,53.5,53.3,53.82
2022-11-02 13:00:00,CTR,53.7,54.1,54.2,53.5,53.4,53.62
2022-11-02 14:00:00,CTR,54.1,53.6,54.2,53.6,53.5,53.5
2022-11-03 09:00:00,CTR,53.7,53.1,53.7,52.7,52.6,53.04
2022-11-03 10:00:00,CTR,53.1,53.5,53.6,53.1,53.0,53.16
2022-11-03 11:00:00,CTR,53.5,52.8,53.5,52.9,52.8,52.78
2022-11-03 13:00:00,CTR,52.7,52.7,52.9,52.6,52.5,52.28
2022-11-03 14:00:00,CTR,52.7,52.3,53.0,52.4,52.3,52.18
2022-11-04 09:00:00,CTR,52.5,50.6,52.5,50.6,50.5,51.06
2022-11-04 10:00:00,CTR,50.6,49.4,50.7,49.5,49.4,50.1
2022-11-04 11:00:00,CTR,49.6,49.35,49.6,49.25,49.2,49.88
2022-11-04 13:00:00,CTR,50.1,50.9,51.0,49.4,49.35,49.52
2022-11-04 14:00:00,CTR,50.9,49.7,51.2,49.9,49.7,50.05
2022-11-07 09:00:00,CTR,49.85,49.0,50.0,49.1,49.0,49.53
2022-11-07 10:00:00,CTR,49.0,47.4,49.1,46.8,46.7,49.33
2022-11-07 11:00:00,CTR,47.3,47.3,47.45,47.1,47.05,48.730000000000004
2022-11-07 13:00:00,CTR,47.2,47.2,47.35,46.55,46.5,48.27
2022-11-07 14:00:00,CTR,47.2,46.25,47.3,46.4,46.25,47.69
2022-11-08 09:00:00,CTR,45.0,45.0,45.5,44.45,44.05,47.14
2022-11-08 10:00:00,CTR,45.0,45.6,46.2,45.05,45.0,46.11
2022-11-08 11:00:00,CTR,45.6,45.5,45.8,45.55,45.5,45.769999999999996
2022-11-08 13:00:00,CTR,45.45,45.0,45.5,45.0,44.8,45.46
2022-11-08 14:00:00,CTR,45.1,45.4,46.25,45.1,45.05,45.12
2022-11-09 09:00:00,CTR,46.2,46.5,46.5,45.6,45.5,45.66
2022-11-09 10:00:00,CTR,46.5,46.5,46.6,46.1,46.05,46.16
2022-11-09 11:00:00,CTR,46.5,46.5,46.5,46.5,46.4,46.269999999999996
2022-11-09 13:00:00,CTR,46.5,46.1,46.55,46.0,45.95,45.94
2022-11-09 14:00:00,CTR,46.1,45.8,46.15,45.1,45.0,45.4
2022-11-10 09:00:00,CTR,45.0,44.8,45.4,44.4,44.3,44.879999999999995
2022-11-10 10:00:00,CTR,44.8,43.9,44.95,43.9,43.8,44.64
2022-11-10 11:00:00,CTR,43.9,43.3,43.95,43.35,43.3,44.4
2022-11-10 13:00:00,CTR,43.2,42.6,43.3,42.65,42.6,44.05
2022-11-10 14:00:00,CTR,42.6,42.6,42.6,42.6,42.6,43.61
2022-11-11 09:00:00,CTR,45.3,43.9,45.3,42.65,42.6,44.05
2022-11-11 10:00:00,CTR,44.0,43.6,44.0,42.15,42.1,42.98
2022-11-11 11:00:00,CTR,43.2,43.7,43.7,42.9,42.6,42.88
2022-11-11 13:00:00,CTR,43.7,42.95,43.7,42.8,42.75,42.64
2022-11-11 14:00:00,CTR,42.95,43.5,43.5,42.65,42.6,42.67
2022-11-14 09:00:00,CTR,41.1,42.0,42.05,41.2,41.1,42.63
2022-11-14 10:00:00,CTR,42.0,41.0,42.2,41.15,41.0,42.33
2022-11-14 11:00:00,CTR,40.65,41.5,41.6,40.9,40.65,41.980000000000004
2022-11-14 13:00:00,CTR,42.0,40.5,42.0,40.55,40.5,41.59
2022-11-14 14:00:00,CTR,40.5,40.5,40.5,40.5,40.5,41.17
2022-11-15 09:00:00,CTR,37.7,37.7,37.7,37.7,37.7,40.75
2022-11-15 10:00:00,CTR,37.7,37.7,37.7,37.7,37.7,37.7
2022-11-15 11:00:00,CTR,37.7,37.7,37.7,37.7,37.7,37.7
2022-11-15 13:00:00,CTR,37.7,37.7,37.7,37.7,37.7,37.7
2022-11-15 14:00:00,CTR,37.7,37.7,37.7,37.7,37.7,37.7
2022-11-16 09:00:00,CTR,35.1,35.1,35.1,35.1,35.1,37.7
2022-11-16 10:00:00,CTR,35.1,37.0,38.0,35.45,35.1,37.18
2022-11-16 11:00:00,CTR,36.05,36.5,37.2,35.8,35.75,36.660000000000004
2022-11-16 13:00:00,CTR,36.7,39.0,39.5,36.75,36.7,37.7
2022-11-16 14:00:00,CTR,39.05,39.4,39.7,39.0,38.9,38.260000000000005
2022-11-17 09:00:00,CTR,39.5,40.45,40.5,39.8,39.5,40.33
2022-11-17 10:00:00,CTR,40.2,40.2,40.3,40.0,39.9,40.01
2022-11-17 11:00:00,CTR,40.2,40.45,40.45,40.3,40.2,39.89
2022-11-17 13:00:00,CTR,40.45,39.9,40.45,39.85,39.8,39.8
2022-11-17 14:00:00,CTR,40.0,39.95,40.1,39.85,39.8,39.98
2022-11-18 09:00:00,CTR,40.4,39.4,40.4,38.9,38.8,39.58
2022-11-18 10:00:00,CTR,39.4,38.4,39.85,38.15,38.1,39.36
2022-11-18 11:00:00,CTR,38.4,38.25,38.5,38.25,38.2,37.7
2022-11-18 13:00:00,CTR,38.25,39.9,40.4,37.35,37.3,38.14
2022-11-18 14:00:00,CTR,39.9,40.6,40.6,39.9,39.8,39.98
2022-11-21 09:00:00,CTR,41.0,41.85,42.0,41.05,41.0,40.75
2022-11-21 10:00:00,CTR,41.85,41.8,41.9,41.5,41.4,40.85
2022-11-21 11:00:00,CTR,41.65,41.55,41.65,41.55,41.5,41.03
2022-11-21 13:00:00,CTR,41.55,42.55,42.55,41.55,41.5,41.52
2022-11-21 14:00:00,CTR,42.6,42.1,42.75,42.1,42.0,41.92
2022-11-22 09:00:00,CTR,42.0,42.25,42.7,41.5,41.15,41.72
2022-11-22 10:00:00,CTR,42.5,43.35,43.5,42.3,42.25,42.63
2022-11-22 11:00:00,CTR,43.35,43.0,43.5,43.1,43.0,42.77
2022-11-22 13:00:00,CTR,42.9,43.0,43.0,42.0,41.7,42.410000000000004
2022-11-22 14:00:00,CTR,42.8,42.65,42.8,42.15,42.1,42.230000000000004
2022-11-23 09:00:00,CTR,42.1,43.0,43.1,42.2,42.1,42.13
2022-11-23 10:00:00,CTR,42.9,43.3,43.3,42.9,42.85,42.61
2022-11-23 11:00:00,CTR,43.3,43.3,43.45,43.3,43.25,42.76
2022-11-23 13:00:00,CTR,43.2,43.05,43.2,42.9,42.85,42.86
2022-11-23 14:00:00,CTR,43.0,44.1,44.15,43.0,42.9,42.92
2022-11-24 09:00:00,CTR,43.9,43.8,44.05,42.9,42.85,42.73
2022-11-24 10:00:00,CTR,43.5,43.3,43.7,43.4,43.3,42.98
2022-11-24 11:00:00,CTR,43.3,43.25,43.5,43.1,43.05,43.05
2022-11-24 13:00:00,CTR,43.25,43.1,43.3,42.55,42.5,42.78
2022-11-24 14:00:00,CTR,43.3,43.6,43.7,43.05,43.0,42.96
2022-11-25 09:00:00,CTR,43.65,44.45,44.5,44.0,43.65,43.23
2022-11-25 10:00:00,CTR,44.4,44.2,44.65,44.3,44.2,43.82
2022-11-25 11:00:00,CTR,44.4,44.2,44.5,44.4,44.2,44.0
2022-11-25 13:00:00,CTR,44.3,44.95,45.0,44.4,44.3,44.08
2022-11-25 14:00:00,CTR,44.95,45.0,45.0,44.8,44.75,44.33
2022-11-28 09:00:00,CTR,45.7,46.5,46.6,45.8,45.7,45.78
2022-11-28 10:00:00,CTR,46.5,48.15,48.15,46.5,46.45,46.449999999999996
2022-11-28 11:00:00,CTR,48.15,48.15,48.15,48.15,48.15,47.18
2022-11-28 13:00:00,CTR,48.15,48.15,48.15,48.15,48.15,48.15
2022-11-28 14:00:00,CTR,48.15,48.15,48.15,48.15,48.15,48.15
2022-11-29 09:00:00,CTR,49.1,49.25,49.9,49.15,49.1,49.33
2022-11-29 10:00:00,CTR,49.25,48.7,49.25,48.7,48.6,48.72
2022-11-29 11:00:00,CTR,48.7,48.15,48.7,48.2,48.15,47.95
2022-11-29 13:00:00,CTR,48.0,48.95,49.15,48.05,48.0,48.24
2022-11-29 14:00:00,CTR,48.95,49.6,49.9,48.95,48.8,48.78
2022-11-30 09:00:00,CTR,50.0,49.5,50.0,49.15,49.1,49.1
2022-11-30 10:00:00,CTR,49.5,50.0,50.3,49.5,49.4,49.04
2022-11-30 11:00:00,CTR,50.0,49.85,50.0,49.75,49.7,49.22
2022-11-30 13:00:00,CTR,50.0,52.4,52.8,49.6,49.5,49.89
2022-11-30 14:00:00,CTR,52.5,52.5,52.5,51.9,51.5,51.88
2022-12-01 09:00:00,CTR,53.1,52.3,53.1,52.4,52.3,52.22
2022-12-01 10:00:00,CTR,52.3,53.3,53.8,52.4,52.3,52.4
2022-12-01 11:00:00,CTR,53.3,53.3,53.3,53.3,53.3,52.94
2022-12-01 13:00:00,CTR,53.3,50.0,53.3,50.1,50.0,50.34
2022-12-01 14:00:00,CTR,50.0,49.4,51.6,49.25,49.2,49.39
2022-12-02 09:00:00,CTR,49.1,49.75,49.75,48.1,48.0,48.96
2022-12-02 10:00:00,CTR,49.75,49.2,49.8,48.8,48.75,49.0
2022-12-02 11:00:00,CTR,49.45,51.4,51.5,49.8,49.45,49.75
2022-12-02 13:00:00,CTR,50.0,51.5,52.2,50.1,50.0,49.76
2022-12-02 14:00:00,CTR,51.7,51.9,52.0,51.5,51.1,51.36
2022-12-05 09:00:00,CTR,52.1,51.9,52.9,52.0,51.9,51.76
2022-12-05 10:00:00,CTR,51.9,52.0,52.7,51.9,51.8,51.8
2022-12-05 11:00:00,CTR,52.2,52.3,52.5,52.2,52.1,51.82
2022-12-05 13:00:00,CTR,52.3,52.4,53.6,51.9,51.8,52.1
2022-12-05 14:00:00,CTR,52.4,52.0,52.9,52.1,52.0,51.96
2022-12-06 09:00:00,CTR,51.5,52.0,52.0,50.9,50.8,51.14
2022-12-06 10:00:00,CTR,51.6,51.9,52.0,49.8,49.6,50.18
2022-12-06 11:00:00,CTR,52.0,52.5,53.1,52.2,52.0,51.96
2022-12-06 13:00:00,CTR,52.5,51.8,52.5,51.7,51.6,51.76
2022-12-06 14:00:00,CTR,51.6,50.3,51.7,50.3,50.0,50.34
2022-12-07 09:00:00,CTR,49.75,49.6,51.0,49.4,49.3,49.36
2022-12-07 10:00:00,CTR,49.6,49.6,49.9,48.6,48.5,48.77
2022-12-07 11:00:00,CTR,49.4,49.9,50.3,49.5,49.4,49.26
2022-12-07 13:00:00,CTR,50.0,49.3,50.0,49.5,49.3,49.15
2022-12-07 14:00:00,CTR,49.6,47.9,49.6,48.0,47.9,48.24
2022-12-08 09:00:00,CTR,48.8,49.4,49.5,48.8,48.75,48.74
2022-12-08 10:00:00,CTR,49.4,50.7,51.2,49.5,49.4,49.38
2022-12-08 11:00:00,CTR,50.7,50.6,51.0,50.7,50.6,50.24
2022-12-08 13:00:00,CTR,50.8,51.0,51.1,50.6,50.5,50.42
2022-12-08 14:00:00,CTR,50.8,50.4,50.8,50.1,50.0,49.910000000000004
2022-12-09 09:00:00,CTR,50.5,50.7,51.0,50.6,50.5,50.32
2022-12-09 10:00:00,CTR,50.6,50.7,50.8,50.4,50.3,50.42
2022-12-09 11:00:00,CTR,50.7,51.5,51.5,50.6,50.5,50.5
2022-12-09 13:00:00,CTR,51.5,51.0,51.7,51.0,50.9,50.5
2022-12-09 14:00:00,CTR,50.9,51.2,51.4,51.0,50.9,50.68
2022-12-12 09:00:00,CTR,51.2,51.6,51.6,51.3,51.2,50.94
2022-12-12 10:00:00,CTR,51.6,52.9,53.4,51.7,51.6,51.92
2022-12-12 11:00:00,CTR,52.6,52.7,53.3,52.7,52.6,52.28
2022-12-12 13:00:00,CTR,52.7,52.7,53.0,52.6,52.5,52.339999999999996
2022-12-12 14:00:00,CTR,52.9,52.5,53.0,52.4,52.3,52.44
2022-12-13 09:00:00,CTR,52.6,51.7,52.6,51.6,51.5,51.82
2022-12-13 10:00:00,CTR,51.7,51.7,52.2,51.3,51.2,51.22
2022-12-13 11:00:00,CTR,51.7,51.5,51.7,51.5,51.4,51.1
2022-12-13 13:00:00,CTR,51.5,51.6,53.0,51.3,51.2,51.62
2022-12-13 14:00:00,CTR,51.6,53.0,53.0,51.4,51.3,51.64
2022-12-14 09:00:00,CTR,54.0,53.0,54.0,53.4,53.0,53.1
2022-12-14 10:00:00,CTR,53.0,53.5,53.6,53.1,53.0,52.94
2022-12-14 11:00:00,CTR,53.6,53.9,53.9,53.9,53.6,53.24
2022-12-14 13:00:00,CTR,53.7,54.2,54.7,53.8,53.7,53.519999999999996
2022-12-14 14:00:00,CTR,54.3,54.3,54.7,54.3,54.2,54.1
2022-12-15 09:00:00,CTR,54.0,55.2,55.8,54.3,54.0,54.0
2022-12-15 10:00:00,CTR,55.3,55.0,55.3,55.0,54.9,54.78
2022-12-15 11:00:00,CTR,55.0,55.3,55.6,55.1,55.0,54.8
2022-12-15 13:00:00,CTR,55.3,55.6,55.6,55.2,55.1,55.06
2022-12-15 14:00:00,CTR,55.6,55.3,55.6,55.4,55.3,55.14
2022-12-19 09:00:00,CTR,56.9,57.0,57.0,56.8,56.7,56.5
2022-12-19 10:00:00,CTR,57.0,57.0,57.0,56.6,56.5,56.48
2022-12-19 11:00:00,CTR,57.0,57.0,57.2,57.1,57.0,56.62
2022-12-19 13:00:00,CTR,57.0,55.0,57.0,55.1,55.0,55.4
2022-12-19 14:00:00,CTR,55.5,54.9,55.9,55.0,54.9,54.52
2022-12-20 09:00:00,CTR,53.4,54.0,54.8,53.7,53.4,53.5
2022-12-20 10:00:00,CTR,54.0,54.0,54.5,53.4,53.3,53.46
2022-12-20 11:00:00,CTR,53.8,53.4,53.9,53.5,53.4,53.36
2022-12-20 13:00:00,CTR,53.4,52.5,53.8,52.5,52.3,52.4
2022-12-20 14:00:00,CTR,52.5,53.0,53.6,52.7,52.5,52.38
2022-12-21 09:00:00,CTR,53.1,53.0,53.9,53.1,53.0,53.019999999999996
2022-12-21 10:00:00,CTR,53.0,53.0,53.0,52.7,52.4,52.54
2022-12-21 11:00:00,CTR,53.0,53.6,53.6,52.6,52.5,52.76
2022-12-21 13:00:00,CTR,53.3,51.6,53.5,52.0,51.6,52.18
2022-12-21 14:00:00,CTR,52.6,51.6,52.8,49.9,49.6,50.18
2022-12-22 09:00:00,CTR,52.8,52.0,53.1,52.2,52.0,52.16
2022-12-22 10:00:00,CTR,52.3,52.3,52.4,52.1,52.0,51.8
2022-12-22 11:00:00,CTR,52.3,52.0,52.3,51.8,51.7,51.660000000000004
2022-12-22 13:00:00,CTR,51.5,52.0,52.5,51.7,51.5,51.46
2022-12-22 14:00:00,CTR,52.0,52.0,52.3,51.9,51.8,51.660000000000004
2022-12-23 09:00:00,CTR,51.5,51.9,51.9,51.6,51.5,51.28
2022-12-23 10:00:00,CTR,51.9,51.6,52.0,51.7,51.6,51.26
2022-12-23 11:00:00,CTR,51.5,51.4,51.5,51.4,51.3,51.2
2022-12-23 13:00:00,CTR,51.3,51.5,51.7,51.4,51.3,51.28
2022-12-23 14:00:00,CTR,51.5,52.5,52.8,51.7,51.5,51.46
2022-12-26 09:00:00,CTR,51.7,51.6,52.0,51.7,51.6,51.32
2022-12-26 10:00:00,CTR,51.5,51.0,51.7,51.1,51.0,51.18
2022-12-26 11:00:00,CTR,51.0,50.6,51.0,50.7,50.6,50.38
2022-12-26 13:00:00,CTR,50.6,50.9,50.9,50.1,50.0,50.38
2022-12-26 14:00:00,CTR,50.9,50.0,51.0,50.1,50.0,50.24
2022-12-27 09:00:00,CTR,49.55,49.5,49.55,49.55,49.5,49.28
2022-12-28 09:00:00,CTR,50.5,50.4,50.9,50.4,50.3,50.28
2022-12-28 10:00:00,CTR,50.4,51.0,51.0,50.4,50.3,50.38
2022-12-28 11:00:00,CTR,51.0,50.6,51.0,50.7,50.6,50.6
2022-12-28 13:00:00,CTR,50.6,50.9,51.0,50.7,50.6,50.44
2022-12-28 14:00:00,CTR,50.9,51.0,51.1,51.0,50.9,50.64
2022-12-29 09:00:00,CTR,51.0,50.9,51.0,51.0,50.9,50.64
2022-12-29 10:00:00,CTR,50.8,50.8,50.8,50.8,50.6,50.660000000000004
2022-12-29 11:00:00,CTR,50.9,50.8,50.9,50.9,50.8,50.72
2022-12-29 13:00:00,CTR,50.6,50.8,50.9,50.7,50.6,50.52
2022-12-29 14:00:00,CTR,50.8,50.6,50.9,50.8,50.6,50.64
2022-12-30 09:00:00,CTR,50.5,50.8,50.8,50.4,50.0,50.339999999999996
2022-12-30 10:00:00,CTR,50.6,50.6,50.8,50.5,50.4,50.339999999999996
2022-12-30 11:00:00,CTR,50.6,51.0,51.0,50.7,50.6,50.56
2022-12-30 13:00:00,CTR,50.7,50.9,50.9,50.7,50.6,50.58
2022-12-30 14:00:00,CTR,50.6,50.4,50.8,50.6,50.4,50.44
2023-01-03 09:00:00,CTR,50.4,51.7,51.9,50.5,50.4,50.48
2023-01-03 10:00:00,CTR,51.6,51.8,52.0,51.7,51.6,51.4
2023-01-03 11:00:00,CTR,51.8,52.0,52.0,51.9,51.8,51.5
2023-01-03 13:00:00,CTR,52.0,52.5,52.5,52.0,51.9,51.839999999999996
2023-01-03 14:00:00,CTR,52.5,53.0,53.0,52.7,52.5,52.5
2023-01-04 09:00:00,CTR,53.0,53.1,53.5,53.1,53.0,53.06
2023-01-04 10:00:00,CTR,53.1,53.5,53.6,53.3,53.1,53.06
2023-01-04 11:00:00,CTR,53.4,53.5,53.5,53.5,53.4,53.16
2023-01-04 13:00:00,CTR,53.3,53.0,53.5,53.1,53.0,53.019999999999996
2023-01-04 14:00:00,CTR,53.0,52.9,53.1,52.9,52.8,52.6
2023-01-05 09:00:00,CTR,52.9,52.5,53.0,52.6,52.5,52.379999999999995
2023-01-05 10:00:00,CTR,52.5,52.5,53.0,52.6,52.5,52.48
2023-01-05 11:00:00,CTR,52.7,52.3,52.7,52.5,52.3,52.42
2023-01-05 13:00:00,CTR,52.4,52.4,53.5,52.4,52.3,52.24
2023-01-05 14:00:00,CTR,53.0,53.2,53.2,52.9,52.6,52.9
2023-01-06 09:00:00,CTR,53.0,52.6,53.1,52.8,52.6,52.54
2023-01-06 10:00:00,CTR,52.7,52.9,53.1,52.7,52.6,52.5
2023-01-06 11:00:00,CTR,52.9,53.0,53.2,52.9,52.8,52.68
2023-01-06 13:00:00,CTR,53.0,52.9,53.2,52.9,52.8,52.64
2023-01-06 14:00:00,CTR,52.9,52.5,53.0,52.6,52.5,52.5
2023-01-09 09:00:00,CTR,52.6,52.5,52.7,52.6,52.5,52.46
2023-01-09 10:00:00,CTR,52.5,52.9,52.9,52.6,52.5,52.52
2023-01-09 11:00:00,CTR,52.9,52.6,52.9,52.9,52.6,52.58
2023-01-09 13:00:00,CTR,52.6,52.6,52.8,52.5,52.4,52.46
2023-01-09 14:00:00,CTR,52.6,52.8,52.8,52.5,52.4,52.48
2023-01-10 09:00:00,CTR,52.4,52.5,53.0,52.5,52.4,52.44
2023-01-10 10:00:00,CTR,52.1,52.2,52.6,52.2,52.1,51.98
2023-01-10 11:00:00,CTR,52.5,52.5,52.6,52.6,52.5,52.42
2023-01-10 13:00:00,CTR,52.5,53.2,53.4,52.5,52.4,52.5
2023-01-10 14:00:00,CTR,52.9,52.5,52.9,52.7,52.5,52.54
2023-01-11 09:00:00,CTR,53.0,53.0,53.0,52.6,52.5,52.68
2023-01-11 10:00:00,CTR,52.6,52.9,52.9,52.7,52.6,52.5
2023-01-11 11:00:00,CTR,52.8,53.2,53.2,52.7,52.6,52.58
2023-01-11 13:00:00,CTR,53.1,53.3,53.9,53.2,53.1,53.02
2023-01-11 14:00:00,CTR,53.3,53.6,53.7,53.4,53.3,53.1
2023-01-12 09:00:00,CTR,53.6,53.6,53.6,53.6,53.6,53.4
2023-01-13 09:00:00,CTR,53.9,54.3,54.5,53.8,53.7,53.6
2023-01-13 10:00:00,CTR,54.3,54.3,54.5,54.3,54.1,54.0
2023-01-13 11:00:00,CTR,54.3,54.5,54.6,54.4,54.3,54.14
2023-01-13 13:00:00,CTR,54.5,54.3,54.7,54.3,54.2,54.18
2023-01-13 14:00:00,CTR,54.3,53.7,54.3,53.7,53.6,53.46
2023-01-16 09:00:00,CTR,54.6,53.8,54.6,53.8,53.7,53.68
2023-01-16 10:00:00,CTR,53.7,53.3,53.8,53.0,52.8,52.96
2023-01-16 11:00:00,CTR,53.3,53.5,53.5,53.4,53.3,53.22
2023-01-16 13:00:00,CTR,53.5,53.5,53.6,53.5,53.4,53.4
2023-01-16 14:00:00,CTR,53.5,53.7,53.8,53.6,53.5,53.44
2023-01-17 09:00:00,CTR,53.9,54.0,54.0,53.8,53.7,53.46
2023-01-17 10:00:00,CTR,54.0,55.7,55.9,54.1,54.0,53.92
2023-01-17 11:00:00,CTR,55.9,55.5,55.9,55.4,55.3,54.86
2023-01-17 13:00:00,CTR,55.3,55.8,56.6,55.5,55.3,55.24
2023-01-17 14:00:00,CTR,55.8,56.2,56.2,55.2,55.1,55.26
2023-01-18 09:00:00,CTR,56.7,56.1,56.7,56.1,56.0,55.66
2023-01-18 10:00:00,CTR,56.1,57.0,57.0,55.8,55.7,55.56
2023-01-18 11:00:00,CTR,57.0,57.6,58.1,57.0,56.9,56.88
2023-01-18 13:00:00,CTR,57.6,58.2,58.3,57.1,57.0,57.2
2023-01-18 14:00:00,CTR,58.4,59.8,60.1,58.2,57.9,58.32
2023-01-19 09:00:00,CTR,59.8,59.3,60.9,59.1,59.0,59.28
2023-01-19 10:00:00,CTR,59.3,59.5,60.0,59.4,59.3,59.42
2023-01-19 11:00:00,CTR,59.5,58.6,59.5,58.5,58.4,58.3
2023-01-19 13:00:00,CTR,58.6,58.7,58.8,58.6,58.5,58.2
2023-01-19 14:00:00,CTR,58.7,58.8,58.9,58.7,58.6,58.32
2023-01-27 09:00:00,CTR,59.8,59.4,59.8,59.0,58.9,59.16
2023-01-27 10:00:00,CTR,59.5,60.2,60.2,59.5,59.4,59.46
2023-01-27 11:00:00,CTR,60.1,60.7,60.8,60.2,60.1,59.86
2023-01-27 13:00:00,CTR,60.7,62.0,62.0,60.5,60.4,60.78
2023-01-27 14:00:00,CTR,62.0,60.7,62.8,62.0,60.7,61.2
2023-01-30 09:00:00,CTR,60.7,61.0,61.0,60.7,60.6,60.48
2023-01-30 10:00:00,CTR,61.1,60.9,61.9,60.9,60.8,60.82
2023-01-30 11:00:00,CTR,60.7,60.9,61.0,60.9,60.7,60.52
2023-01-30 13:00:00,CTR,60.9,60.9,61.2,60.8,60.7,60.56
2023-01-30 14:00:00,CTR,60.9,60.9,61.0,60.8,60.7,60.620000000000005
2023-01-31 09:00:00,CTR,60.9,60.0,60.9,59.7,59.6,59.9
2023-01-31 10:00:00,CTR,60.0,60.0,60.2,59.7,59.6,59.660000000000004
2023-01-31 11:00:00,CTR,60.0,60.0,60.5,60.2,60.0,59.94
2023-01-31 13:00:00,CTR,59.9,60.8,61.0,59.9,59.8,59.78
2023-01-31 14:00:00,CTR,60.8,62.0,62.0,60.8,60.7,60.8
2023-02-01 09:00:00,CTR,62.0,61.6,62.0,61.4,61.3,61.22
2023-02-01 10:00:00,CTR,61.4,62.6,63.7,61.5,61.4,61.64
2023-02-01 11:00:00,CTR,62.6,62.6,64.0,62.7,62.6,62.68
2023-02-01 13:00:00,CTR,63.4,61.7,63.4,61.7,61.5,61.84
2023-02-01 14:00:00,CTR,61.7,61.0,61.9,60.4,60.2,60.88
2023-02-02 09:00:00,CTR,60.9,60.2,61.0,60.1,60.0,59.9
2023-02-02 10:00:00,CTR,60.2,60.8,60.8,60.0,59.8,59.88
2023-02-02 11:00:00,CTR,60.8,60.6,60.8,60.6,60.5,60.58
2023-02-02 13:00:00,CTR,60.6,60.7,61.0,60.6,60.5,60.54
2023-02-02 14:00:00,CTR,61.0,61.2,61.7,61.2,61.0,60.88
2023-02-03 09:00:00,CTR,61.0,61.1,61.5,61.1,61.0,60.8
2023-02-03 10:00:00,CTR,61.1,61.1,61.2,61.1,61.0,60.760000000000005
2023-02-03 11:00:00,CTR,61.1,61.1,61.2,61.1,61.0,61.0
2023-02-03 13:00:00,CTR,61.1,61.0,61.3,61.1,61.0,60.88
2023-02-03 14:00:00,CTR,61.0,61.8,61.8,61.1,61.0,60.9
2023-02-06 09:00:00,CTR,61.4,61.4,61.4,61.1,61.0,60.98
2023-02-06 10:00:00,CTR,61.3,61.1,61.3,61.0,60.9,61.0
2023-02-06 11:00:00,CTR,61.1,60.9,61.1,60.8,60.7,60.82
2023-02-06 13:00:00,CTR,60.9,60.5,61.1,60.6,60.5,60.5
2023-02-06 14:00:00,CTR,60.5,60.2,61.2,60.3,60.2,60.06
2023-02-07 09:00:00,CTR,60.3,60.9,60.9,60.4,60.3,60.08
2023-02-07 10:00:00,CTR,60.6,60.7,60.9,60.6,60.5,60.5
2023-02-07 11:00:00,CTR,60.7,60.5,60.7,60.6,60.5,60.48
2023-02-07 13:00:00,CTR,60.5,60.5,60.7,60.2,60.0,59.96
2023-02-07 14:00:00,CTR,60.5,60.9,60.9,60.2,60.0,60.019999999999996
2023-02-08 09:00:00,CTR,61.0,60.7,61.2,61.0,60.7,60.760000000000005
2023-02-08 10:00:00,CTR,60.7,61.0,61.0,60.9,60.7,60.64
2023-02-08 11:00:00,CTR,60.6,60.0,60.6,60.5,60.0,60.1
2023-02-08 13:00:00,CTR,60.0,60.8,60.8,60.3,60.0,59.94
2023-02-08 14:00:00,CTR,60.9,61.3,61.3,61.0,60.9,60.94
2023-02-09 09:00:00,CTR,61.3,60.7,61.3,60.8,60.7,60.74
2023-02-09 10:00:00,CTR,60.7,61.1,61.1,60.8,60.7,60.68
2023-02-09 11:00:00,CTR,61.1,61.0,61.1,61.1,61.0,60.92
2023-02-09 13:00:00,CTR,61.1,61.0,61.1,60.9,60.8,60.88
2023-02-09 14:00:00,CTR,61.1,60.8,61.1,60.9,60.8,60.72
2023-02-10 09:00:00,CTR,61.8,60.4,61.8,60.5,60.4,60.46
2023-02-10 10:00:00,CTR,60.4,60.8,60.8,60.3,60.2,60.08
2023-02-10 11:00:00,CTR,60.8,60.8,60.9,60.7,60.6,60.6
2023-02-10 13:00:00,CTR,60.8,61.2,61.2,60.7,60.6,60.72
2023-02-10 14:00:00,CTR,61.4,60.9,61.4,61.0,60.9,60.86
2023-02-15 09:00:00,CTR,56.4,57.1,57.3,56.0,55.8,56.06
2023-02-15 10:00:00,CTR,57.1,57.7,57.9,57.1,57.0,57.02
2023-02-15 11:00:00,CTR,57.3,57.1,57.3,57.1,57.0,56.82
2023-02-15 13:00:00,CTR,57.5,57.3,57.5,57.1,57.0,57.06
2023-02-15 14:00:00,CTR,57.3,57.0,57.3,56.8,56.7,56.86
2023-02-16 09:00:00,CTR,58.4,57.5,58.5,57.5,57.4,57.660000000000004
2023-02-16 10:00:00,CTR,57.5,58.0,58.4,57.6,57.5,57.24
2023-02-16 11:00:00,CTR,58.0,58.0,58.2,58.2,58.0,57.76
2023-02-16 13:00:00,CTR,58.0,58.4,58.7,58.0,57.8,57.839999999999996
2023-02-16 14:00:00,CTR,58.2,58.5,58.8,58.2,58.1,58.04
2023-02-17 09:00:00,CTR,59.0,58.9,59.0,58.9,58.6,58.52
2023-02-17 10:00:00,CTR,58.9,58.0,58.9,58.2,58.0,58.1
2023-02-17 11:00:00,CTR,58.0,58.0,58.4,58.0,57.9,57.76
2023-02-17 13:00:00,CTR,58.0,58.5,58.5,58.1,58.0,57.86
2023-02-17 14:00:00,CTR,58.4,57.8,58.4,57.9,57.8,57.74
2023-02-20 09:00:00,CTR,58.7,58.3,58.7,58.4,58.3,58.2
2023-02-20 10:00:00,CTR,58.3,58.3,58.5,58.3,58.2,58.08
2023-02-20 11:00:00,CTR,58.3,59.4,59.4,58.6,58.3,58.26
2023-02-20 13:00:00,CTR,59.4,59.9,60.3,59.5,59.4,59.44
2023-02-20 14:00:00,CTR,59.9,60.2,60.5,60.0,59.9,59.9
2023-02-21 09:00:00,CTR,60.5,60.3,61.0,60.4,60.3,60.32
2023-02-21 10:00:00,CTR,60.3,60.2,60.5,60.1,60.0,59.92
2023-02-21 11:00:00,CTR,60.2,59.9,60.2,59.9,59.8,59.82
2023-02-21 13:00:00,CTR,59.7,60.3,60.5,59.7,59.6,59.68
2023-02-21 14:00:00,CTR,60.3,59.5,60.3,59.6,59.5,59.52
2023-02-22 09:00:00,CTR,59.5,58.5,59.5,58.6,58.5,58.38
2023-02-22 10:00:00,CTR,58.5,58.4,58.6,58.3,58.2,58.24
2023-02-22 11:00:00,CTR,58.4,58.5,58.6,58.4,58.3,58.22
2023-02-22 13:00:00,CTR,58.5,58.5,58.7,58.4,58.3,58.36
2023-02-22 14:00:00,CTR,58.5,57.0,58.8,58.2,57.0,57.8
2023-02-23 09:00:00,CTR,57.5,58.0,58.0,57.0,56.9,57.08
2023-02-23 10:00:00,CTR,58.0,57.4,58.0,57.4,57.3,57.2
2023-02-23 11:00:00,CTR,57.4,57.5,57.6,57.5,57.4,57.06
2023-02-23 13:00:00,CTR,57.5,56.8,57.5,56.9,56.8,56.9
2023-02-23 14:00:00,CTR,56.8,58.0,58.0,56.7,56.6,56.9
2023-02-24 09:00:00,CTR,57.9,58.0,58.0,57.4,57.3,57.36
2023-02-24 10:00:00,CTR,58.0,57.3,58.0,57.4,57.3,57.26
2023-02-24 11:00:00,CTR,57.3,57.3,57.4,57.4,57.3,57.1
2023-02-24 13:00:00,CTR,57.3,57.3,57.3,57.2,57.1,57.08
2023-02-24 14:00:00,CTR,57.4,56.8,57.4,57.0,56.8,56.92
2023-02-27 09:00:00,CTR,56.7,56.7,56.8,56.3,56.2,56.16
2023-02-27 10:00:00,CTR,56.6,56.0,56.6,56.1,56.0,55.88
2023-02-27 11:00:00,CTR,56.0,55.4,56.1,55.4,55.0,54.9
2023-02-27 13:00:00,CTR,55.5,56.0,56.3,55.4,55.3,55.199999999999996
2023-02-27 14:00:00,CTR,56.0,55.4,57.2,55.7,55.4,55.4
2023-02-28 09:00:00,CTR,56.6,55.5,57.0,55.5,55.4,55.519999999999996
2023-02-28 10:00:00,CTR,56.0,56.1,56.1,56.0,55.7,55.5
2023-02-28 11:00:00,CTR,56.1,55.7,56.4,56.0,55.7,55.62
2023-02-28 13:00:00,CTR,55.8,55.4,55.8,55.5,55.4,55.239999999999995
2023-02-28 14:00:00,CTR,55.4,54.9,55.4,54.9,54.8,54.74
2023-03-01 09:00:00,CTR,54.3,54.5,54.7,54.4,54.3,54.160000000000004
2023-03-01 10:00:00,CTR,54.5,55.8,56.1,54.4,54.3,54.24
2023-03-01 11:00:00,CTR,55.8,55.8,56.0,55.8,55.7,55.42
2023-03-01 13:00:00,CTR,55.9,55.6,56.1,55.8,55.6,55.42
2023-03-01 14:00:00,CTR,55.6,57.0,57.0,55.8,55.6,55.64
2023-03-02 09:00:00,CTR,58.0,57.0,58.0,57.5,57.0,56.94
2023-03-02 10:00:00,CTR,57.0,57.0,57.0,57.0,57.0,56.78
2023-03-02 11:00:00,CTR,56.7,56.8,56.8,56.7,56.5,56.68
2023-03-02 13:00:00,CTR,56.5,56.8,56.9,56.6,56.5,56.58
2023-03-02 14:00:00,CTR,56.8,56.2,57.0,56.8,56.2,56.3
2023-03-03 09:00:00,CTR,56.5,56.5,57.0,56.6,56.5,56.42
2023-03-03 10:00:00,CTR,56.5,56.1,56.6,56.1,56.0,55.839999999999996
2023-03-03 11:00:00,CTR,56.3,56.2,56.5,56.2,56.1,55.9
2023-03-03 13:00:00,CTR,56.2,56.2,57.0,56.1,56.0,55.94
2023-03-03 14:00:00,CTR,56.2,55.9,56.3,56.0,55.9,55.86
2023-03-06 09:00:00,CTR,57.3,56.9,57.3,56.1,55.9,56.3
2023-03-06 10:00:00,CTR,57.0,56.9,57.2,56.4,56.2,56.42
2023-03-06 11:00:00,CTR,56.4,56.7,56.9,56.7,56.4,56.480000000000004
2023-03-06 13:00:00,CTR,56.5,56.8,56.9,56.6,56.5,56.5
2023-03-06 14:00:00,CTR,56.8,56.2,56.8,56.0,55.9,55.92
2023-03-07 09:00:00,CTR,56.6,56.3,56.6,56.6,56.3,56.24
2023-03-07 10:00:00,CTR,56.0,56.3,56.3,56.1,56.0,55.88
2023-03-07 11:00:00,CTR,56.3,56.3,56.3,56.3,56.3,55.94
2023-03-07 13:00:00,CTR,56.1,56.2,56.5,56.2,56.1,56.06
2023-03-07 14:00:00,CTR,56.2,56.3,56.5,56.3,56.2,56.1
2023-03-08 09:00:00,CTR,55.5,56.3,56.3,55.8,55.5,55.56
2023-03-08 10:00:00,CTR,56.3,56.0,56.3,56.2,56.0,56.12
2023-03-08 11:00:00,CTR,56.0,56.2,56.2,56.2,56.0,56.02
2023-03-08 13:00:00,CTR,56.2,57.0,57.0,56.2,56.1,56.18
2023-03-08 14:00:00,CTR,57.0,57.5,57.5,57.1,57.0,57.1
2023-03-09 09:00:00,CTR,57.1,57.3,57.8,57.3,57.1,57.2
2023-03-09 10:00:00,CTR,57.5,57.6,57.6,57.6,57.5,57.2
2023-03-09 11:00:00,CTR,57.5,57.5,57.5,57.5,57.5,57.26
2023-03-09 13:00:00,CTR,57.5,57.4,57.7,57.4,57.3,57.339999999999996
2023-03-09 14:00:00,CTR,57.4,57.5,57.5,57.4,57.3,57.4
2023-03-10 09:00:00,CTR,56.2,57.0,57.0,56.9,56.2,56.48
2023-03-10 10:00:00,CTR,57.0,57.1,57.4,57.1,57.0,57.04
2023-03-10 11:00:00,CTR,57.1,56.9,57.4,57.0,56.9,56.9
2023-03-10 13:00:00,CTR,56.9,57.0,57.2,56.8,56.7,56.82
2023-03-10 14:00:00,CTR,57.0,57.0,57.1,56.9,56.8,56.78
2023-03-13 09:00:00,CTR,56.5,56.5,56.5,56.1,56.0,56.160000000000004
2023-03-13 10:00:00,CTR,56.5,56.6,56.6,56.4,56.3,56.3
2023-03-13 11:00:00,CTR,56.5,56.8,56.9,56.4,56.3,56.38
2023-03-13 13:00:00,CTR,56.4,56.5,56.8,56.5,56.4,56.44
2023-03-13 14:00:00,CTR,56.5,56.3,56.7,56.4,56.3,56.22
2023-03-14 09:00:00,CTR,56.3,56.3,56.5,56.4,56.3,56.2
2023-03-14 10:00:00,CTR,56.3,55.7,56.3,55.8,55.7,55.8
2023-03-14 11:00:00,CTR,55.7,55.5,55.7,55.6,55.5,55.4
2023-03-14 13:00:00,CTR,55.9,55.6,55.9,55.4,55.3,55.36
2023-03-14 14:00:00,CTR,55.7,55.4,55.8,55.5,55.4,55.36
2023-03-15 09:00:00,CTR,57.9,56.5,57.9,56.3,56.2,56.44
2023-03-15 10:00:00,CTR,56.4,57.3,57.3,56.5,56.4,56.12
2023-03-15 11:00:00,CTR,57.2,57.0,57.3,57.0,56.9,56.92
2023-03-15 13:00:00,CTR,57.0,56.9,57.0,56.9,56.7,56.84
2023-03-15 14:00:00,CTR,56.9,56.6,57.0,56.8,56.6,56.58
2023-03-16 09:00:00,CTR,55.8,56.4,56.6,56.4,55.8,56.12
2023-03-16 10:00:00,CTR,56.3,56.4,56.5,56.2,56.1,56.18
2023-03-16 11:00:00,CTR,56.5,56.5,56.5,56.5,56.5,56.32
2023-03-16 13:00:00,CTR,56.1,56.3,56.4,56.2,56.1,56.14
2023-03-16 14:00:00,CTR,56.1,56.6,56.6,56.1,56.0,56.1
2023-03-17 09:00:00,CTR,57.0,56.9,57.0,57.0,56.9,56.84
2023-03-17 10:00:00,CTR,56.7,56.4,56.7,56.6,56.4,56.36
2023-03-17 11:00:00,CTR,56.4,56.2,56.4,56.4,56.2,56.2
2023-03-17 13:00:00,CTR,56.4,56.2,56.7,56.4,56.2,56.22
2023-03-17 14:00:00,CTR,56.5,56.2,56.5,56.2,56.1,56.08
2023-03-20 09:00:00,CTR,56.0,56.4,56.4,56.2,56.0,56.08
2023-03-20 10:00:00,CTR,56.3,55.9,56.3,56.0,55.9,55.82
2023-03-20 11:00:00,CTR,56.0,55.6,56.0,55.8,55.6,55.52
2023-03-20 13:00:00,CTR,55.6,55.5,55.9,55.6,55.5,55.379999999999995
2023-03-20 14:00:00,CTR,55.7,55.5,55.8,55.5,55.4,55.42
2023-03-21 09:00:00,CTR,55.7,55.5,55.7,55.5,55.4,55.44
2023-03-21 10:00:00,CTR,55.5,55.3,55.5,55.4,55.3,55.3
2023-03-21 11:00:00,CTR,55.3,55.2,55.3,55.3,55.2,55.12
2023-03-21 13:00:00,CTR,55.2,55.5,55.5,55.4,55.2,55.2
2023-03-21 14:00:00,CTR,55.4,55.8,55.8,55.5,55.4,55.339999999999996
2023-03-22 09:00:00,CTR,56.0,56.4,56.9,56.4,56.0,56.08
2023-03-22 10:00:00,CTR,56.3,56.2,56.4,56.1,56.0,56.14
2023-03-22 11:00:00,CTR,56.0,56.0,56.0,56.0,56.0,55.86
2023-03-22 13:00:00,CTR,56.0,56.0,56.1,56.1,56.0,55.92
2023-03-22 14:00:00,CTR,55.9,55.8,55.9,55.9,55.8,55.78
2023-03-23 09:00:00,CTR,55.8,55.6,55.8,55.7,55.6,55.44
2023-03-23 10:00:00,CTR,55.7,55.8,55.8,55.8,55.7,55.62
2023-03-23 11:00:00,CTR,55.8,55.8,55.8,55.8,55.8,55.68
2023-03-23 13:00:00,CTR,55.7,55.7,55.8,55.6,55.5,55.6
2023-03-23 14:00:00,CTR,55.6,55.8,55.8,55.7,55.6,55.6
2023-03-24 09:00:00,CTR,55.9,55.9,56.4,56.0,55.9,55.84
2023-03-24 10:00:00,CTR,56.0,56.1,56.2,56.0,55.9,55.94
2023-03-24 11:00:00,CTR,56.0,56.0,56.0,56.0,55.9,56.0
2023-03-24 13:00:00,CTR,56.0,55.9,56.0,56.0,55.9,55.88
2023-03-24 14:00:00,CTR,55.9,55.9,55.9,55.9,55.8,55.839999999999996
