date,code,open,close,high,2nd_min_price,lowest_price,lowest_prediction
2022-05-13 09:00:00,NTL,26.85,25.8,26.9,25.95,25.8,0.0
2022-05-13 10:00:00,NTL,25.8,26.0,26.2,25.95,25.8,25.8
2022-05-13 11:00:00,NTL,26.2,25.7,26.2,25.75,25.7,25.8
2022-05-13 13:00:00,NTL,25.65,25.2,25.8,25.05,25.0,25.766666666666666
2022-05-13 14:00:00,NTL,25.15,25.0,25.15,25.05,25.0,25.575
2022-05-16 09:00:00,NTL,25.2,26.05,26.7,25.5,25.2,25.46
2022-05-16 10:00:00,NTL,26.0,25.7,26.0,25.65,25.6,25.5
2022-05-16 11:00:00,NTL,25.5,25.55,25.7,25.55,25.5,25.42
2022-05-16 13:00:00,NTL,25.6,25.0,25.6,24.55,24.5,25.36
2022-05-16 14:00:00,NTL,24.7,24.9,25.3,24.9,24.7,25.12
2022-05-17 09:00:00,NTL,24.55,24.6,24.95,24.6,24.55,24.94
2022-05-17 10:00:00,NTL,24.7,25.2,25.45,24.75,24.7,24.75
2022-05-17 11:00:00,NTL,25.2,25.4,25.4,25.2,25.15,24.98
2022-05-17 13:00:00,NTL,25.4,26.5,26.5,25.4,25.3,25.56
2022-05-17 14:00:00,NTL,26.5,26.3,26.5,26.15,26.0,25.64
2022-05-18 09:00:00,NTL,26.35,26.45,26.5,26.1,26.05,25.78
2022-05-18 10:00:00,NTL,26.4,26.1,26.45,26.25,26.1,25.87
2022-05-18 11:00:00,NTL,26.1,26.45,26.45,26.05,26.0,25.93
2022-05-18 13:00:00,NTL,26.45,26.3,26.7,26.3,26.25,25.990000000000002
2022-05-18 14:00:00,NTL,26.3,26.3,26.4,26.25,26.2,26.080000000000002
2022-05-19 09:00:00,NTL,25.6,26.0,26.3,25.1,25.0,25.48
2022-05-19 10:00:00,NTL,26.0,26.0,26.25,26.0,25.95,25.96
2022-05-19 11:00:00,NTL,26.15,26.25,26.25,26.15,26.1,26.06
2022-05-19 13:00:00,NTL,26.0,26.15,26.3,26.1,26.0,26.01
2022-05-19 14:00:00,NTL,26.1,26.0,26.4,26.1,26.0,26.07
2022-05-20 09:00:00,NTL,26.0,26.3,26.9,26.15,26.0,26.1
2022-05-20 10:00:00,NTL,26.4,26.6,26.6,26.4,26.3,26.1
2022-05-20 11:00:00,NTL,26.6,26.5,26.6,26.6,26.5,26.16
2022-05-20 13:00:00,NTL,26.5,26.05,26.5,26.1,26.05,26.11
2022-05-20 14:00:00,NTL,26.1,26.4,26.4,26.1,26.05,26.07
2022-05-23 09:00:00,NTL,26.65,26.25,26.65,26.3,26.25,26.18
2022-05-23 10:00:00,NTL,26.25,26.35,26.4,26.3,26.25,26.1
2022-05-23 11:00:00,NTL,26.3,26.2,26.5,26.25,26.2,26.16
2022-05-23 13:00:00,NTL,26.2,26.25,26.45,26.25,26.2,26.16
2022-05-23 14:00:00,NTL,26.25,26.25,26.3,25.8,25.6,26.02
2022-05-24 09:00:00,NTL,26.2,26.0,26.4,26.2,26.0,26.1
2022-05-24 10:00:00,NTL,26.0,26.4,26.4,25.95,25.9,25.95
2022-05-24 11:00:00,NTL,26.05,26.05,26.1,26.1,26.05,25.97
2022-05-24 13:00:00,NTL,26.05,25.8,26.05,25.7,25.6,25.82
2022-05-24 14:00:00,NTL,25.8,26.2,26.2,25.7,25.6,25.85
2022-05-25 09:00:00,NTL,26.4,26.5,26.8,26.25,26.2,26.17
2022-05-25 10:00:00,NTL,26.5,26.4,26.5,26.25,26.2,26.15
2022-05-25 11:00:00,NTL,26.4,26.6,26.6,26.4,26.3,26.3
2022-05-25 13:00:00,NTL,26.7,26.9,27.2,26.65,26.6,26.31
2022-05-25 14:00:00,NTL,26.9,27.05,27.1,26.95,26.9,26.38
2022-05-26 09:00:00,NTL,27.7,27.6,27.7,27.15,27.1,26.52
2022-05-26 10:00:00,NTL,27.6,27.5,27.6,27.45,27.4,26.68
2022-05-26 11:00:00,NTL,27.45,27.45,27.5,27.5,27.45,26.9
2022-05-26 13:00:00,NTL,27.5,27.25,27.6,27.35,27.25,27.09
2022-05-26 14:00:00,NTL,27.3,27.2,27.55,27.25,27.2,27.22
2022-05-27 09:00:00,NTL,27.2,27.35,27.4,27.05,27.0,27.24
2022-05-27 10:00:00,NTL,27.4,27.55,27.7,27.45,27.4,27.28
2022-05-27 11:00:00,NTL,27.5,27.25,27.5,27.3,27.25,27.34
2022-05-27 13:00:00,NTL,27.3,27.4,27.5,27.3,27.25,27.23
2022-05-27 14:00:00,NTL,27.45,27.4,27.5,27.3,27.2,27.32
2022-05-30 09:00:00,NTL,27.6,27.45,27.6,27.4,27.35,27.34
2022-05-30 10:00:00,NTL,27.45,28.1,28.2,27.5,27.45,27.34
2022-05-30 11:00:00,NTL,28.1,27.7,28.1,27.8,27.7,27.34
2022-05-30 13:00:00,NTL,27.7,28.35,28.4,27.8,27.7,27.41
2022-05-30 14:00:00,NTL,28.3,28.3,28.3,28.25,28.2,27.529999999999998
2022-05-31 09:00:00,NTL,28.3,28.4,28.45,27.9,27.8,27.63
2022-05-31 10:00:00,NTL,28.4,28.2,28.4,28.2,28.15,27.77
2022-05-31 11:00:00,NTL,28.2,28.15,28.25,28.2,28.15,27.91
2022-05-31 13:00:00,NTL,28.2,28.0,28.35,28.1,28.0,28.0
2022-05-31 14:00:00,NTL,28.0,28.0,28.1,27.95,27.9,27.95
2022-06-01 09:00:00,NTL,28.0,28.0,28.05,28.0,27.9,27.99
2022-06-01 10:00:00,NTL,28.0,27.65,28.0,27.7,27.65,27.779999999999998
2022-06-01 11:00:00,NTL,27.6,27.7,27.7,27.65,27.6,27.45
2022-06-01 13:00:00,NTL,27.6,27.7,27.7,27.65,27.6,27.6
2022-06-01 14:00:00,NTL,27.8,27.8,27.9,27.65,27.6,27.69
2022-06-02 09:00:00,NTL,27.9,27.65,27.9,27.65,27.6,27.63
2022-06-02 10:00:00,NTL,27.65,27.6,27.7,27.5,27.45,27.47
2022-06-02 11:00:00,NTL,27.6,27.55,27.65,27.6,27.55,27.48
2022-06-02 13:00:00,NTL,27.6,28.0,28.0,27.55,27.5,27.57
2022-06-02 14:00:00,NTL,28.0,28.2,28.6,28.0,27.95,27.96
2022-06-03 09:00:00,NTL,28.0,28.0,28.3,28.1,28.0,27.98
2022-06-03 10:00:00,NTL,27.9,28.0,28.0,28.0,27.9,27.82
2022-06-03 11:00:00,NTL,28.0,27.85,28.0,27.85,27.8,27.81
2022-06-03 13:00:00,NTL,27.7,27.6,27.8,27.6,27.55,27.560000000000002
2022-06-03 14:00:00,NTL,27.6,27.7,27.9,27.7,27.6,27.560000000000002
2022-06-06 09:00:00,NTL,27.5,27.4,27.5,27.35,27.3,27.3
2022-06-06 10:00:00,NTL,27.4,27.4,27.5,27.4,27.35,27.29
2022-06-06 11:00:00,NTL,27.4,27.5,27.5,27.4,27.35,27.31
2022-06-06 13:00:00,NTL,27.5,27.7,28.0,27.55,27.5,27.57
2022-06-06 14:00:00,NTL,27.65,27.3,27.7,27.35,27.3,27.31
2022-06-07 09:00:00,NTL,27.3,27.1,27.4,27.1,27.05,27.18
2022-06-07 10:00:00,NTL,27.3,27.0,27.3,26.6,26.55,26.95
2022-06-07 11:00:00,NTL,26.85,26.7,26.85,26.4,26.3,26.38
2022-06-07 13:00:00,NTL,26.5,26.4,26.65,26.15,26.1,26.14
2022-06-07 14:00:00,NTL,26.45,27.2,27.3,26.35,26.3,26.51
2022-06-08 09:00:00,NTL,27.4,27.45,27.5,27.4,27.35,27.330000000000002
2022-06-08 10:00:00,NTL,27.5,27.3,27.8,27.2,26.6,27.27
2022-06-08 11:00:00,NTL,27.35,27.6,27.6,27.4,27.35,27.38
2022-06-08 13:00:00,NTL,27.6,27.5,27.65,27.45,27.4,27.43
2022-06-08 14:00:00,NTL,27.5,27.45,27.5,27.45,27.4,27.36
2022-06-09 09:00:00,NTL,27.9,27.75,27.9,27.5,27.45,27.57
2022-06-09 10:00:00,NTL,27.75,27.4,27.75,27.45,27.4,27.38
2022-06-09 11:00:00,NTL,27.4,27.5,27.5,27.5,27.4,27.38
2022-06-09 13:00:00,NTL,27.5,27.45,27.5,27.45,27.4,27.4
2022-06-09 14:00:00,NTL,27.4,27.6,27.7,27.5,27.4,27.419999999999998
2022-06-10 09:00:00,NTL,27.4,27.25,27.4,27.1,27.0,27.14
2022-06-10 10:00:00,NTL,27.25,27.35,27.6,27.35,27.25,27.27
2022-06-10 11:00:00,NTL,27.35,27.5,27.5,27.25,27.2,27.3
2022-06-10 13:00:00,NTL,27.2,27.4,27.4,27.15,27.05,27.13
2022-06-10 14:00:00,NTL,27.4,27.0,27.4,27.05,27.0,27.1
2022-06-13 09:00:00,NTL,26.05,26.4,26.5,26.05,26.0,26.04
2022-06-13 10:00:00,NTL,26.4,25.95,26.5,25.9,25.8,25.95
2022-06-13 11:00:00,NTL,25.9,25.8,25.9,25.6,25.55,25.64
2022-06-13 13:00:00,NTL,25.8,25.15,25.8,25.2,25.15,25.15
2022-06-13 14:00:00,NTL,25.15,25.15,25.25,25.2,25.15,24.91
2022-06-14 09:00:00,NTL,24.6,24.3,24.8,23.9,23.8,24.69
2022-06-14 10:00:00,NTL,24.4,24.9,25.1,24.55,24.4,24.55
2022-06-14 11:00:00,NTL,24.9,25.1,25.15,24.95,24.9,24.939999999999998
2022-06-14 13:00:00,NTL,25.1,24.55,25.15,24.6,24.55,24.71
2022-06-14 14:00:00,NTL,24.55,24.55,24.65,24.15,24.1,24.4
2022-06-15 09:00:00,NTL,24.5,24.5,25.25,24.55,24.5,24.46
2022-06-15 10:00:00,NTL,24.45,24.3,24.5,23.95,23.5,24.27
2022-06-15 11:00:00,NTL,24.3,24.35,24.35,24.0,23.9,24.09
2022-06-15 13:00:00,NTL,24.3,24.2,24.55,24.25,24.2,23.97
2022-06-15 14:00:00,NTL,24.2,24.5,24.55,24.15,24.05,23.9
2022-06-16 09:00:00,NTL,24.5,24.9,25.5,24.6,24.5,24.57
2022-06-16 10:00:00,NTL,25.0,25.2,25.2,25.0,24.9,24.98
2022-06-16 11:00:00,NTL,25.2,25.1,25.2,25.2,25.1,25.02
2022-06-16 13:00:00,NTL,25.0,24.95,25.1,25.0,24.95,25.009999999999998
2022-06-16 14:00:00,NTL,25.0,24.9,25.05,24.8,24.7,24.89
2022-06-17 09:00:00,NTL,24.5,24.2,24.55,23.85,23.8,23.9
2022-06-17 10:00:00,NTL,24.2,24.0,24.2,23.7,23.65,23.89
2022-06-17 11:00:00,NTL,24.0,24.15,24.2,24.0,23.8,23.86
2022-06-17 13:00:00,NTL,24.0,23.75,24.15,23.65,23.6,23.73
2022-06-17 14:00:00,NTL,23.8,24.0,24.0,23.75,23.7,23.69
2022-06-20 09:00:00,NTL,24.0,24.1,24.95,24.1,24.0,23.87
2022-06-20 10:00:00,NTL,24.15,23.7,24.15,23.6,23.5,23.71
2022-06-20 11:00:00,NTL,23.7,23.65,24.0,23.65,23.6,23.65
2022-06-20 13:00:00,NTL,23.65,23.3,23.7,23.1,23.0,23.61
2022-06-20 14:00:00,NTL,23.3,24.0,24.0,23.1,23.0,23.48
2022-06-21 09:00:00,NTL,23.05,22.3,23.2,22.05,22.0,23.34
2022-06-21 10:00:00,NTL,22.35,22.75,23.0,22.35,22.25,23.06
2022-06-21 11:00:00,NTL,22.65,22.3,22.65,22.4,22.3,22.77
2022-06-21 13:00:00,NTL,22.15,22.2,22.85,22.2,22.15,22.51
2022-06-21 14:00:00,NTL,22.25,22.85,23.0,22.25,22.2,22.34
2022-06-22 09:00:00,NTL,22.95,22.8,23.3,22.8,22.5,22.35
2022-06-22 10:00:00,NTL,22.7,23.2,23.2,22.8,22.7,22.45
2022-06-22 11:00:00,NTL,23.15,23.1,23.15,23.15,23.1,22.69
2022-06-22 13:00:00,NTL,23.0,22.8,23.0,22.65,22.6,22.57
2022-06-22 14:00:00,NTL,22.9,22.8,22.9,22.7,22.6,22.63
2022-06-23 09:00:00,NTL,22.8,22.55,22.8,22.55,22.5,22.45
2022-06-23 10:00:00,NTL,22.6,22.85,22.95,22.55,22.5,22.43
2022-06-23 11:00:00,NTL,22.75,22.7,22.75,22.7,22.6,22.5
2022-06-23 13:00:00,NTL,22.6,23.1,23.1,22.7,22.6,22.580000000000002
2022-06-23 14:00:00,NTL,23.1,23.15,23.15,23.05,23.0,22.7
2022-06-24 09:00:00,NTL,23.35,23.0,23.35,23.05,23.0,22.84
2022-06-24 10:00:00,NTL,23.1,23.2,23.4,23.15,23.1,22.86
2022-06-24 11:00:00,NTL,23.2,23.2,23.25,23.25,23.2,22.94
2022-06-24 13:00:00,NTL,23.25,23.15,23.3,23.15,23.1,23.080000000000002
2022-06-24 14:00:00,NTL,23.15,23.1,23.15,23.15,23.1,23.1
2022-06-27 09:00:00,NTL,23.5,23.15,23.5,23.2,23.15,23.080000000000002
2022-06-27 10:00:00,NTL,23.15,23.0,23.15,23.0,22.75,23.060000000000002
2022-06-27 11:00:00,NTL,23.1,23.2,23.2,23.15,23.1,23.1
2022-06-27 13:00:00,NTL,23.2,23.3,23.65,23.1,23.05,23.11
2022-06-27 14:00:00,NTL,23.3,23.45,23.6,23.4,23.3,23.1
2022-06-28 09:00:00,NTL,23.7,23.95,24.0,23.5,23.45,23.48
2022-06-28 10:00:00,NTL,24.0,24.3,24.5,23.95,23.85,23.89
2022-06-28 11:00:00,NTL,24.35,24.3,24.4,24.35,24.3,23.95
2022-06-28 13:00:00,NTL,24.4,24.3,24.4,24.35,24.3,23.99
2022-06-28 14:00:00,NTL,24.25,24.0,24.25,24.0,23.9,23.81
2022-06-29 09:00:00,NTL,24.0,25.5,25.5,24.1,24.0,24.56
2022-06-29 10:00:00,NTL,25.2,25.05,25.5,25.05,25.0,25.06
2022-06-29 11:00:00,NTL,25.1,25.15,25.5,25.15,25.1,25.06
2022-06-29 13:00:00,NTL,25.15,25.0,25.3,24.65,24.6,24.89
2022-06-29 14:00:00,NTL,25.0,25.2,25.2,24.9,24.85,24.98
2022-06-30 09:00:00,NTL,25.15,25.5,25.5,24.8,24.75,25.0
2022-06-30 10:00:00,NTL,25.4,25.35,25.5,25.05,25.0,25.0
2022-06-30 11:00:00,NTL,25.2,25.3,25.3,25.1,25.05,25.08
2022-06-30 13:00:00,NTL,25.05,25.4,25.45,25.1,25.05,24.99
2022-06-30 14:00:00,NTL,25.35,25.15,25.5,25.15,25.1,25.06
2022-07-01 09:00:00,NTL,24.6,24.5,24.95,24.1,24.05,24.09
2022-07-01 10:00:00,NTL,24.5,24.25,24.7,24.25,24.2,24.080000000000002
2022-07-01 11:00:00,NTL,24.3,24.2,24.3,24.1,24.05,24.12
2022-07-01 13:00:00,NTL,24.15,24.8,24.95,24.05,24.0,24.09
2022-07-01 14:00:00,NTL,24.8,25.45,25.8,24.65,24.6,24.82
2022-07-04 09:00:00,NTL,25.5,25.1,25.5,25.1,25.0,25.04
2022-07-04 10:00:00,NTL,25.2,24.95,25.2,24.85,24.8,24.82
2022-07-04 11:00:00,NTL,25.0,25.25,25.4,25.05,25.0,24.990000000000002
2022-07-04 13:00:00,NTL,25.25,24.9,25.45,24.75,24.7,24.78
2022-07-04 14:00:00,NTL,24.9,25.0,25.0,24.8,24.7,24.86
2022-07-05 09:00:00,NTL,25.0,24.75,25.0,24.6,24.5,24.67
2022-07-05 10:00:00,NTL,24.8,24.6,24.8,24.55,24.5,24.48
2022-07-05 11:00:00,NTL,24.6,24.6,24.6,24.6,24.55,24.35
2022-07-05 13:00:00,NTL,24.6,24.5,24.9,24.6,24.5,24.52
2022-07-05 14:00:00,NTL,24.5,24.6,24.6,24.2,24.1,24.14
2022-07-06 09:00:00,NTL,24.05,24.1,24.5,24.1,24.05,23.96
2022-07-06 10:00:00,NTL,24.35,24.5,24.5,24.1,24.0,23.93
2022-07-06 11:00:00,NTL,24.4,24.5,24.5,24.5,24.4,24.25
2022-07-06 13:00:00,NTL,24.4,24.2,24.4,24.15,24.0,24.15
2022-07-06 14:00:00,NTL,24.2,24.0,24.55,24.05,24.0,24.04
2022-07-07 09:00:00,NTL,23.6,24.05,24.05,24.0,23.6,23.63
2022-07-07 10:00:00,NTL,24.0,23.75,24.0,23.75,23.7,23.61
2022-07-07 11:00:00,NTL,23.8,23.8,23.9,23.9,23.8,23.64
2022-07-07 13:00:00,NTL,23.8,23.6,24.0,23.65,23.6,23.63
2022-07-07 14:00:00,NTL,23.7,24.0,24.0,23.65,23.6,23.63
2022-07-08 09:00:00,NTL,24.1,24.95,25.0,24.15,24.1,24.12
2022-07-08 10:00:00,NTL,25.0,25.0,25.1,24.95,24.8,24.849999999999998
2022-07-08 11:00:00,NTL,25.0,25.0,25.1,25.0,24.95,24.91
2022-07-08 13:00:00,NTL,25.0,24.8,25.0,24.85,24.8,24.73
2022-07-08 14:00:00,NTL,24.8,25.0,25.0,24.7,24.65,24.72
2022-07-11 09:00:00,NTL,25.0,24.85,25.0,24.55,24.5,24.669999999999998
2022-07-11 10:00:00,NTL,24.8,25.0,25.0,24.7,24.65,24.65
2022-07-11 11:00:00,NTL,24.75,24.75,24.75,24.75,24.75,24.55
2022-07-11 13:00:00,NTL,24.75,24.6,24.8,24.6,24.55,24.57
2022-07-11 14:00:00,NTL,24.65,24.9,24.9,24.45,24.4,24.55
2022-07-12 09:00:00,NTL,24.6,24.85,24.9,24.8,24.6,24.66
2022-07-12 10:00:00,NTL,24.9,25.45,25.5,25.0,24.9,25.01
2022-07-12 11:00:00,NTL,25.25,25.8,25.8,25.25,25.2,25.09
2022-07-12 13:00:00,NTL,25.8,26.4,26.5,25.85,25.8,25.91
2022-07-12 14:00:00,NTL,26.4,26.6,26.6,26.45,26.4,26.3
2022-07-13 09:00:00,NTL,26.95,26.95,27.0,26.75,26.7,26.68
2022-07-13 10:00:00,NTL,26.9,26.85,27.0,26.65,26.6,26.61
2022-07-13 11:00:00,NTL,26.85,26.65,26.85,26.75,26.65,26.54
2022-07-13 13:00:00,NTL,26.7,26.4,26.85,26.5,26.4,26.39
2022-07-13 14:00:00,NTL,26.4,26.1,26.55,26.35,26.1,26.16
2022-07-14 09:00:00,NTL,26.0,26.5,26.5,26.05,26.0,25.95
2022-07-14 10:00:00,NTL,26.8,26.35,26.8,26.15,26.1,26.2
2022-07-14 11:00:00,NTL,26.35,26.3,26.35,26.3,26.25,26.19
2022-07-14 13:00:00,NTL,26.3,26.4,26.4,26.25,26.2,26.19
2022-07-14 14:00:00,NTL,26.4,26.5,26.6,26.45,26.4,26.34
2022-07-15 09:00:00,NTL,26.55,26.9,27.1,26.55,26.5,26.5
2022-07-15 10:00:00,NTL,26.95,26.8,26.95,26.75,26.65,26.69
2022-07-15 11:00:00,NTL,26.8,26.6,26.8,26.65,26.6,26.5
2022-07-15 13:00:00,NTL,26.5,26.55,26.65,26.5,26.45,26.38
2022-07-15 14:00:00,NTL,26.5,26.3,26.55,26.4,26.3,26.24
2022-07-18 09:00:00,NTL,26.6,26.6,26.6,26.4,26.3,26.39
2022-07-18 10:00:00,NTL,26.6,27.0,27.05,26.45,26.4,26.46
2022-07-18 11:00:00,NTL,27.0,27.0,27.15,27.0,26.95,26.78
2022-07-18 13:00:00,NTL,27.0,26.7,27.0,26.75,26.7,26.64
2022-07-18 14:00:00,NTL,26.7,26.95,26.95,26.65,26.6,26.56
2022-07-19 09:00:00,NTL,27.0,26.95,27.25,26.95,26.9,26.849999999999998
2022-07-19 10:00:00,NTL,27.1,26.4,27.1,26.5,26.4,26.53
2022-07-19 11:00:00,NTL,26.4,26.5,26.55,26.4,26.3,26.37
2022-07-19 13:00:00,NTL,26.45,26.45,26.95,26.35,26.3,26.28
2022-07-19 14:00:00,NTL,26.4,26.75,26.85,26.5,26.4,26.39
2022-07-20 09:00:00,NTL,27.0,27.2,27.2,26.75,26.7,26.8
2022-07-20 10:00:00,NTL,27.2,27.0,27.3,27.0,26.95,26.98
2022-07-20 11:00:00,NTL,27.0,27.1,27.1,27.0,26.95,26.88
2022-07-20 13:00:00,NTL,27.1,27.2,27.35,27.15,27.1,27.05
2022-07-20 14:00:00,NTL,27.2,27.1,27.25,27.1,27.05,27.0
2022-07-21 09:00:00,NTL,27.25,26.95,27.25,27.0,26.95,26.99
2022-07-21 10:00:00,NTL,26.95,26.95,27.0,27.0,26.95,26.88
2022-07-21 11:00:00,NTL,27.0,27.0,27.1,27.05,27.0,26.93
2022-07-21 13:00:00,NTL,27.0,26.9,27.15,26.95,26.9,26.939999999999998
2022-07-21 14:00:00,NTL,26.95,26.9,27.0,26.95,26.9,26.939999999999998
2022-07-22 09:00:00,NTL,27.0,26.8,27.0,26.65,26.55,26.66
2022-07-22 10:00:00,NTL,26.85,26.7,26.85,26.65,26.6,26.64
2022-07-22 11:00:00,NTL,26.7,26.5,26.75,26.55,26.5,26.45
2022-07-22 13:00:00,NTL,26.5,26.5,26.6,26.55,26.5,26.41
2022-07-22 14:00:00,NTL,26.5,26.45,26.5,26.4,26.35,26.34
2022-07-25 09:00:00,NTL,26.0,25.8,26.0,25.8,25.75,25.650000000000002
2022-07-25 10:00:00,NTL,26.0,25.85,26.15,25.85,25.8,25.76
2022-07-25 11:00:00,NTL,25.85,26.0,27.0,25.85,25.8,25.94
2022-07-25 13:00:00,NTL,26.0,26.05,26.25,25.85,25.8,25.92
2022-07-25 14:00:00,NTL,26.05,26.15,26.5,26.1,26.05,26.04
2022-07-26 09:00:00,NTL,26.0,26.0,26.2,26.05,26.0,25.92
2022-07-26 10:00:00,NTL,26.0,26.0,26.2,25.85,25.8,25.87
2022-07-26 11:00:00,NTL,26.0,26.0,26.2,26.0,25.9,25.92
2022-07-26 13:00:00,NTL,26.05,26.15,26.4,26.05,26.0,26.02
2022-07-26 14:00:00,NTL,26.15,26.0,26.3,26.05,26.0,25.97
2022-07-27 09:00:00,NTL,25.9,25.95,26.1,25.9,25.8,25.82
2022-07-27 10:00:00,NTL,25.95,26.0,26.05,25.9,25.85,25.82
2022-07-27 11:00:00,NTL,26.05,26.0,26.2,26.05,26.0,25.98
2022-07-27 13:00:00,NTL,26.1,26.1,26.2,26.05,26.0,25.99
2022-07-27 14:00:00,NTL,26.1,26.3,26.3,26.05,26.0,26.01
2022-07-28 09:00:00,NTL,26.9,26.6,26.9,26.35,26.3,26.48
2022-07-28 10:00:00,NTL,26.6,27.0,27.0,26.55,26.5,26.54
2022-07-28 11:00:00,NTL,27.0,27.8,27.9,27.05,27.0,27.32
2022-07-28 13:00:00,NTL,27.8,28.0,28.1,27.85,27.8,27.82
2022-07-28 14:00:00,NTL,28.05,28.1,28.1,28.05,28.0,27.97
2022-07-29 09:00:00,NTL,28.4,28.3,28.4,28.3,28.25,28.06
2022-07-29 10:00:00,NTL,28.3,28.2,28.4,28.25,28.2,28.15
2022-07-29 11:00:00,NTL,28.15,28.05,28.15,28.1,28.05,28.009999999999998
2022-07-29 13:00:00,NTL,28.05,28.05,28.2,28.0,27.95,27.97
2022-07-29 14:00:00,NTL,28.05,28.0,28.05,28.0,27.95,27.93
2022-08-01 09:00:00,NTL,28.0,28.7,28.8,28.05,28.0,27.97
2022-08-01 10:00:00,NTL,28.7,28.3,28.7,28.35,28.3,28.12
2022-08-01 11:00:00,NTL,28.35,28.65,28.7,28.35,28.3,28.19
2022-08-01 13:00:00,NTL,28.65,28.65,28.9,28.25,28.2,28.13
2022-08-01 14:00:00,NTL,28.5,28.0,28.65,28.05,28.0,28.18
2022-08-02 09:00:00,NTL,28.3,28.3,28.4,27.75,27.7,27.97
2022-08-02 10:00:00,NTL,28.3,28.05,28.35,28.1,28.05,28.11
2022-08-02 11:00:00,NTL,28.1,28.05,28.1,28.05,28.0,27.97
2022-08-02 13:00:00,NTL,28.05,28.0,28.2,28.05,28.0,28.0
2022-08-02 14:00:00,NTL,28.0,27.95,28.1,28.0,27.95,27.939999999999998
2022-08-03 09:00:00,NTL,27.6,28.2,28.25,27.6,27.55,27.61
2022-08-03 10:00:00,NTL,28.25,28.2,28.4,28.05,28.0,28.11
2022-08-03 11:00:00,NTL,28.2,28.15,28.2,28.05,28.0,28.03
2022-08-03 13:00:00,NTL,28.1,27.95,28.1,27.95,27.9,27.939999999999998
2022-08-03 14:00:00,NTL,28.0,28.0,28.15,28.0,27.95,27.939999999999998
2022-08-04 09:00:00,NTL,28.2,28.2,28.5,28.25,28.2,28.16
2022-08-04 10:00:00,NTL,28.25,28.2,28.3,28.2,28.15,28.14
2022-08-04 11:00:00,NTL,28.2,28.0,28.2,28.05,28.0,28.01
2022-08-04 13:00:00,NTL,28.0,28.0,28.05,27.95,27.9,27.93
2022-08-04 14:00:00,NTL,28.0,28.0,28.05,28.05,28.0,27.93
2022-08-05 09:00:00,NTL,28.1,28.95,28.95,28.05,28.0,28.05
2022-08-05 10:00:00,NTL,28.95,28.65,28.95,28.6,28.55,28.24
2022-08-05 11:00:00,NTL,28.8,28.65,28.8,28.65,28.6,28.32
2022-08-05 13:00:00,NTL,28.7,28.9,28.9,28.65,28.6,28.39
2022-08-05 14:00:00,NTL,28.9,29.0,29.0,28.85,28.8,28.45
2022-08-08 09:00:00,NTL,29.1,29.0,29.3,28.65,28.6,28.55
2022-08-08 10:00:00,NTL,28.95,28.95,29.0,28.8,28.7,28.630000000000003
2022-08-08 11:00:00,NTL,28.95,28.85,29.0,28.85,28.8,28.650000000000002
2022-08-08 13:00:00,NTL,28.85,28.75,29.0,28.8,28.75,28.69
2022-08-08 14:00:00,NTL,28.75,28.75,29.0,28.75,28.7,28.66
2022-08-09 09:00:00,NTL,28.75,28.9,28.95,28.8,28.75,28.71
2022-08-09 10:00:00,NTL,28.9,28.9,28.95,28.85,28.8,28.76
2022-08-09 11:00:00,NTL,28.9,28.9,28.9,28.9,28.85,28.77
2022-08-09 13:00:00,NTL,28.9,28.75,28.9,28.8,28.75,28.78
2022-08-09 14:00:00,NTL,28.75,28.9,28.9,28.75,28.7,28.740000000000002
2022-08-10 09:00:00,NTL,28.7,29.1,29.5,28.65,28.6,28.71
2022-08-10 10:00:00,NTL,29.0,28.9,29.0,28.9,28.85,28.79
2022-08-10 11:00:00,NTL,28.9,29.3,29.3,28.85,28.8,28.71
2022-08-10 13:00:00,NTL,29.0,29.0,29.2,29.0,28.9,28.79
2022-08-10 14:00:00,NTL,29.0,28.9,29.0,28.95,28.9,28.8
2022-08-11 09:00:00,NTL,29.1,28.9,29.1,28.75,28.7,28.77
2022-08-11 10:00:00,NTL,28.85,28.8,29.0,28.85,28.8,28.76
2022-08-11 11:00:00,NTL,28.8,28.7,28.9,28.8,28.7,28.72
2022-08-11 13:00:00,NTL,28.65,28.6,28.75,28.35,28.3,28.39
2022-08-11 14:00:00,NTL,28.6,28.3,28.6,27.95,27.9,27.99
2022-08-12 09:00:00,NTL,27.9,28.05,28.25,27.85,27.8,27.9
2022-08-12 10:00:00,NTL,28.05,27.95,28.2,27.95,27.9,27.939999999999998
2022-08-12 11:00:00,NTL,27.95,28.0,28.05,27.95,27.9,27.91
2022-08-12 13:00:00,NTL,28.05,28.1,28.2,28.05,28.0,28.0
2022-08-12 14:00:00,NTL,28.1,28.15,28.35,28.15,28.1,28.06
2022-08-15 09:00:00,NTL,29.0,28.5,29.0,28.55,28.5,28.67
2022-08-15 10:00:00,NTL,28.5,28.45,28.7,28.5,28.45,28.35
2022-08-15 11:00:00,NTL,28.5,28.35,28.5,28.4,28.35,28.27
2022-08-15 13:00:00,NTL,28.4,28.2,28.4,28.2,28.15,28.15
2022-08-15 14:00:00,NTL,28.2,28.2,28.3,28.3,28.2,28.16
2022-08-16 09:00:00,NTL,28.2,28.5,28.65,28.25,28.2,28.22
2022-08-16 10:00:00,NTL,28.5,28.15,28.5,28.2,28.15,28.15
2022-08-16 11:00:00,NTL,28.1,28.2,28.2,28.15,28.1,28.06
2022-08-16 13:00:00,NTL,28.25,28.2,28.3,28.0,27.95,28.07
2022-08-16 14:00:00,NTL,28.2,28.2,28.25,28.2,28.05,28.14
2022-08-17 09:00:00,NTL,28.4,28.25,28.4,28.1,28.05,28.13
2022-08-17 10:00:00,NTL,28.3,28.7,28.9,28.25,28.2,28.14
2022-08-17 11:00:00,NTL,28.7,28.55,28.7,28.55,28.5,28.47
2022-08-17 13:00:00,NTL,28.55,28.4,28.75,28.3,28.25,28.32
2022-08-17 14:00:00,NTL,28.5,28.4,28.5,28.25,28.2,28.19
2022-08-18 09:00:00,NTL,28.2,28.2,28.25,28.2,28.15,28.05
2022-08-18 10:00:00,NTL,28.2,28.25,28.3,28.2,28.15,28.14
2022-08-18 11:00:00,NTL,28.2,28.2,28.3,28.25,28.2,28.14
2022-08-18 13:00:00,NTL,28.2,28.25,28.25,28.05,28.0,28.05
2022-08-18 14:00:00,NTL,28.25,28.0,28.25,28.05,28.0,28.02
2022-08-19 09:00:00,NTL,28.0,28.0,28.35,27.9,27.8,27.93
2022-08-19 10:00:00,NTL,28.0,27.95,28.05,27.95,27.9,27.91
2022-08-19 11:00:00,NTL,27.95,27.85,28.0,27.9,27.85,27.89
2022-08-19 13:00:00,NTL,27.9,27.7,27.9,27.7,27.65,27.62
2022-08-19 14:00:00,NTL,27.6,28.0,28.0,27.4,27.35,27.52
2022-08-22 09:00:00,NTL,27.35,27.5,27.8,27.4,27.35,27.36
2022-08-22 10:00:00,NTL,27.5,27.5,27.65,27.55,27.5,27.43
2022-08-22 11:00:00,NTL,27.5,27.35,27.5,27.4,27.35,27.33
2022-08-22 13:00:00,NTL,27.35,27.05,27.35,27.1,27.05,27.0
2022-08-22 14:00:00,NTL,27.05,26.95,27.5,26.9,26.85,26.95
2022-08-23 09:00:00,NTL,26.5,26.7,26.8,26.55,26.5,26.45
2022-08-23 10:00:00,NTL,26.7,26.6,26.7,26.6,26.55,26.53
2022-08-23 11:00:00,NTL,26.6,26.65,26.7,26.65,26.6,26.5
2022-08-23 13:00:00,NTL,26.65,26.7,26.8,26.65,26.6,26.57
2022-08-23 14:00:00,NTL,26.7,27.0,27.3,26.8,26.7,26.72
2022-08-24 09:00:00,NTL,27.2,27.15,27.4,27.1,27.05,27.04
2022-08-24 10:00:00,NTL,27.15,27.1,27.3,27.05,27.0,27.04
2022-08-24 11:00:00,NTL,27.1,27.1,27.15,27.1,27.05,26.99
2022-08-24 13:00:00,NTL,27.1,27.0,27.1,27.0,26.95,26.97
2022-08-24 14:00:00,NTL,27.0,27.1,27.15,27.0,26.95,26.97
2022-08-25 09:00:00,NTL,27.05,27.2,27.2,27.05,27.0,27.01
2022-08-25 10:00:00,NTL,27.2,27.1,27.2,27.05,27.0,27.0
2022-08-25 11:00:00,NTL,27.1,27.2,27.2,27.1,27.05,27.02
2022-08-25 13:00:00,NTL,27.2,27.35,27.4,27.1,27.05,27.04
2022-08-25 14:00:00,NTL,27.35,27.2,27.4,27.1,27.05,27.03
2022-08-26 09:00:00,NTL,27.2,27.7,27.75,27.15,27.1,27.26
2022-08-26 10:00:00,NTL,27.7,27.55,27.7,27.6,27.55,27.55
2022-08-26 11:00:00,NTL,27.5,27.5,27.55,27.4,27.35,27.37
2022-08-26 13:00:00,NTL,27.4,27.3,27.45,27.3,27.25,27.27
2022-08-26 14:00:00,NTL,27.3,27.4,27.4,27.15,27.1,27.11
2022-08-29 09:00:00,NTL,26.55,26.65,26.8,26.6,26.55,26.54
2022-08-29 10:00:00,NTL,26.65,26.2,26.8,26.3,26.2,26.26
2022-08-29 11:00:00,NTL,26.2,26.0,26.3,26.1,26.0,26.0
2022-08-29 13:00:00,NTL,26.0,26.2,26.25,25.9,25.85,25.92
2022-08-29 14:00:00,NTL,26.2,26.45,26.45,26.1,26.05,26.06
2022-08-30 09:00:00,NTL,26.5,26.45,26.8,26.15,26.1,26.19
2022-08-30 10:00:00,NTL,26.45,26.6,26.6,26.35,26.25,26.34
2022-08-30 11:00:00,NTL,26.65,26.2,26.7,26.25,26.2,26.18
2022-08-30 13:00:00,NTL,26.3,26.1,26.45,26.15,26.1,26.1
2022-08-30 14:00:00,NTL,26.1,26.4,26.4,26.1,26.05,26.05
2022-08-31 09:00:00,NTL,26.15,26.15,26.5,26.15,26.1,26.11
2022-08-31 10:00:00,NTL,26.3,26.4,26.4,26.2,26.15,26.19
2022-08-31 11:00:00,NTL,26.3,26.25,26.3,26.2,26.15,26.19
2022-08-31 13:00:00,NTL,26.25,26.25,26.4,26.2,26.15,26.2
2022-08-31 14:00:00,NTL,26.3,26.4,26.5,26.4,26.3,26.27
2022-09-05 09:00:00,NTL,26.5,26.45,26.65,26.45,26.4,26.4
2022-09-05 10:00:00,NTL,26.45,26.4,26.45,26.4,26.35,26.29
2022-09-05 11:00:00,NTL,26.35,26.3,26.35,26.35,26.3,26.21
2022-09-05 13:00:00,NTL,26.3,26.2,26.3,26.2,26.1,26.169999999999998
2022-09-05 14:00:00,NTL,26.2,26.35,26.35,26.15,26.1,26.09
2022-09-06 09:00:00,NTL,26.5,26.2,26.6,26.25,26.2,26.16
2022-09-06 10:00:00,NTL,26.25,27.0,27.0,26.3,26.25,26.419999999999998
2022-09-06 11:00:00,NTL,27.0,27.05,27.2,26.95,26.9,26.93
2022-09-06 13:00:00,NTL,27.05,27.05,27.05,26.95,26.9,26.96
2022-09-06 14:00:00,NTL,27.05,27.0,27.1,27.0,26.95,26.95
2022-09-07 09:00:00,NTL,26.9,27.0,27.1,26.85,26.8,26.86
2022-09-07 10:00:00,NTL,27.0,27.65,27.65,27.1,27.0,27.080000000000002
2022-09-07 11:00:00,NTL,27.65,27.9,28.2,27.65,27.6,27.56
2022-09-07 13:00:00,NTL,27.9,28.15,28.25,27.75,27.7,27.85
2022-09-07 14:00:00,NTL,28.2,27.8,28.2,27.75,27.7,27.79
2022-09-08 09:00:00,NTL,28.0,27.4,28.2,27.3,27.2,27.55
2022-09-08 10:00:00,NTL,27.4,27.4,27.8,27.4,27.35,27.25
2022-09-08 11:00:00,NTL,27.65,27.8,27.9,27.75,27.65,27.59
2022-09-08 13:00:00,NTL,27.9,27.8,28.0,27.35,27.3,27.53
2022-09-08 14:00:00,NTL,27.8,27.8,27.9,27.7,27.6,27.62
2022-09-09 09:00:00,NTL,28.0,27.8,28.0,27.55,27.5,27.53
2022-09-09 10:00:00,NTL,27.9,28.0,28.2,27.85,27.8,27.87
2022-09-09 11:00:00,NTL,28.05,28.15,28.2,28.1,28.05,28.02
2022-09-09 13:00:00,NTL,28.15,28.3,28.85,28.1,28.0,28.11
2022-09-09 14:00:00,NTL,28.3,29.0,29.0,28.2,28.1,28.14
2022-09-12 09:00:00,NTL,29.5,29.35,29.8,29.3,29.25,28.72
2022-09-12 10:00:00,NTL,29.35,29.2,29.35,29.2,29.15,28.89
2022-09-12 11:00:00,NTL,29.2,29.2,29.2,29.15,29.1,28.919999999999998
2022-09-12 13:00:00,NTL,29.2,29.15,29.3,29.05,29.0,28.91
2022-09-12 14:00:00,NTL,29.15,29.3,29.3,29.05,29.0,28.99
2022-09-13 09:00:00,NTL,29.3,29.5,29.65,29.05,29.0,29.1
2022-09-13 10:00:00,NTL,29.6,29.2,29.6,29.2,29.15,29.1
2022-09-13 11:00:00,NTL,29.1,29.15,29.3,29.15,29.1,29.03
2022-09-13 13:00:00,NTL,29.15,29.3,29.5,29.05,29.0,29.05
2022-09-13 14:00:00,NTL,29.5,29.7,29.75,29.3,29.25,29.11
2022-09-14 09:00:00,NTL,29.1,29.6,29.6,29.15,29.1,29.1
2022-09-14 10:00:00,NTL,29.65,30.45,30.45,29.45,29.4,29.15
2022-09-14 11:00:00,NTL,30.5,29.95,30.5,30.0,29.95,29.21
2022-09-14 13:00:00,NTL,30.0,30.05,30.15,29.9,29.85,29.4
2022-09-14 14:00:00,NTL,30.05,30.2,30.2,30.0,29.95,29.54
2022-09-15 09:00:00,NTL,30.6,30.05,30.6,29.9,29.7,29.68
2022-09-15 10:00:00,NTL,30.05,30.05,30.4,30.0,29.8,29.77
2022-09-15 11:00:00,NTL,30.1,29.95,30.1,29.95,29.9,29.85
2022-09-15 13:00:00,NTL,29.8,29.65,30.0,29.65,29.6,29.61
2022-09-15 14:00:00,NTL,29.6,30.2,30.2,29.65,29.6,29.72
2022-09-16 09:00:00,NTL,29.95,29.85,30.2,29.75,29.7,29.82
2022-09-16 10:00:00,NTL,29.8,29.8,30.0,29.75,29.7,29.73
2022-09-16 11:00:00,NTL,29.8,30.0,30.2,29.7,29.6,29.75
2022-09-16 13:00:00,NTL,29.9,29.65,30.0,29.6,29.55,29.7
2022-09-16 14:00:00,NTL,29.7,29.5,29.8,29.05,29.0,29.24
2022-09-19 09:00:00,NTL,29.1,28.3,29.55,28.35,28.3,28.51
2022-09-19 10:00:00,NTL,28.3,28.25,28.9,28.05,28.0,28.08
2022-09-19 11:00:00,NTL,28.5,28.4,28.7,28.4,28.3,28.31
2022-09-19 13:00:00,NTL,28.3,28.5,28.7,27.8,27.7,27.88
2022-09-19 14:00:00,NTL,28.4,27.8,28.8,27.6,27.5,27.86
2022-09-20 09:00:00,NTL,28.0,27.85,28.15,27.9,27.85,27.88
2022-09-20 10:00:00,NTL,27.85,27.7,28.0,27.75,27.7,27.62
2022-09-20 11:00:00,NTL,27.65,27.5,27.65,27.45,27.4,27.43
2022-09-20 13:00:00,NTL,27.4,28.05,28.3,27.35,27.3,27.490000000000002
2022-09-20 14:00:00,NTL,28.05,28.3,28.3,28.0,27.95,28.04
2022-09-21 09:00:00,NTL,28.0,28.0,28.2,27.8,27.7,27.84
2022-09-21 10:00:00,NTL,27.95,28.25,28.5,27.9,27.8,27.82
2022-09-21 11:00:00,NTL,28.25,28.0,28.25,28.05,28.0,28.0
2022-09-21 13:00:00,NTL,27.9,28.25,28.25,27.8,27.75,27.79
2022-09-21 14:00:00,NTL,28.3,28.0,28.3,27.95,27.9,28.01
2022-09-22 09:00:00,NTL,27.7,28.5,28.5,27.8,27.7,27.7
2022-09-22 10:00:00,NTL,28.5,28.25,28.5,28.05,28.0,28.08
2022-09-22 11:00:00,NTL,28.15,28.05,28.2,28.0,27.95,28.0
2022-09-22 13:00:00,NTL,28.0,28.25,28.3,28.0,27.95,28.02
2022-09-22 14:00:00,NTL,28.3,28.5,28.55,28.1,28.05,28.05
2022-09-23 09:00:00,NTL,28.8,28.5,28.8,28.4,28.3,28.38
2022-09-23 10:00:00,NTL,28.5,28.55,28.85,28.55,28.5,28.37
2022-09-23 11:00:00,NTL,28.6,28.5,28.8,28.5,28.45,28.41
2022-09-23 13:00:00,NTL,28.5,28.4,28.5,28.15,28.1,28.11
2022-09-23 14:00:00,NTL,28.4,28.2,28.4,28.05,28.0,28.07
2022-09-26 09:00:00,NTL,27.5,27.6,27.8,27.45,27.4,27.4
2022-09-26 10:00:00,NTL,27.55,26.75,27.55,26.65,26.6,26.86
2022-09-26 11:00:00,NTL,26.75,26.95,27.05,26.65,26.6,26.6
2022-09-26 13:00:00,NTL,26.9,26.8,26.9,26.3,26.25,26.470000000000002
2022-09-26 14:00:00,NTL,26.8,26.5,27.15,26.45,26.4,26.4
2022-09-27 09:00:00,NTL,27.0,26.4,27.0,26.35,26.3,26.32
2022-09-27 10:00:00,NTL,26.35,26.7,26.75,26.3,26.25,26.29
2022-09-27 11:00:00,NTL,26.4,26.6,26.7,26.5,26.4,26.37
2022-09-27 13:00:00,NTL,26.55,26.4,26.75,26.4,26.35,26.349999999999998
2022-09-27 14:00:00,NTL,26.4,26.0,26.5,26.2,26.0,26.07
2022-09-28 09:00:00,NTL,26.0,26.0,26.35,25.7,25.5,25.84
2022-09-28 10:00:00,NTL,26.0,25.7,26.2,25.8,25.7,25.69
2022-09-28 11:00:00,NTL,25.7,25.55,25.7,25.2,25.0,25.169999999999998
2022-09-28 13:00:00,NTL,25.55,25.7,26.3,25.15,25.1,25.15
2022-09-28 14:00:00,NTL,25.6,24.95,25.7,24.9,24.85,24.95
2022-09-29 09:00:00,NTL,25.45,25.15,25.8,25.05,25.0,24.990000000000002
2022-09-29 10:00:00,NTL,25.15,25.0,25.25,24.95,24.9,24.9
2022-09-29 11:00:00,NTL,25.0,25.1,25.1,25.05,25.0,24.9
2022-09-29 13:00:00,NTL,25.1,25.0,25.1,24.95,24.9,24.919999999999998
2022-09-29 14:00:00,NTL,25.0,24.5,25.05,24.6,24.5,24.52
2022-09-30 09:00:00,NTL,24.5,24.25,24.5,24.15,24.1,24.04
2022-09-30 10:00:00,NTL,24.3,23.8,24.3,23.8,23.7,23.73
2022-09-30 11:00:00,NTL,23.8,23.4,23.8,23.4,23.3,23.330000000000002
2022-09-30 13:00:00,NTL,23.4,24.25,24.3,23.05,23.0,23.47
2022-09-30 14:00:00,NTL,24.2,24.6,24.8,24.15,24.1,24.05
2022-10-03 09:00:00,NTL,24.35,24.35,24.4,24.05,24.0,23.89
2022-10-03 10:00:00,NTL,24.35,23.85,24.4,23.95,23.85,23.86
2022-10-03 11:00:00,NTL,24.0,24.0,24.05,24.0,23.9,23.78
2022-10-03 13:00:00,NTL,24.0,23.65,24.0,23.4,23.3,23.54
2022-10-03 14:00:00,NTL,23.65,22.9,23.8,22.95,22.9,23.1
2022-10-04 09:00:00,NTL,23.05,23.25,23.5,23.1,23.05,23.11
2022-10-04 10:00:00,NTL,23.25,23.2,23.35,23.0,22.95,23.060000000000002
2022-10-04 11:00:00,NTL,23.1,23.55,23.55,23.15,23.1,23.09
2022-10-04 13:00:00,NTL,23.55,23.5,24.0,23.55,23.5,23.45
2022-10-04 14:00:00,NTL,23.5,23.2,23.55,23.2,23.15,23.06
2022-10-05 09:00:00,NTL,24.0,23.8,24.0,23.9,23.8,23.74
2022-10-05 10:00:00,NTL,23.8,24.0,24.2,23.85,23.8,23.72
2022-10-05 11:00:00,NTL,24.0,23.9,24.05,23.95,23.9,23.8
2022-10-05 13:00:00,NTL,23.9,23.95,24.0,23.9,23.85,23.82
2022-10-05 14:00:00,NTL,23.8,24.0,24.2,23.95,23.8,23.79
2022-10-06 09:00:00,NTL,24.0,24.0,24.0,23.9,23.8,23.83
2022-10-06 10:00:00,NTL,23.8,23.8,24.0,23.9,23.8,23.81
2022-10-06 11:00:00,NTL,23.8,23.6,23.8,23.7,23.6,23.7
2022-10-06 13:00:00,NTL,23.6,23.4,23.65,23.2,23.15,23.18
2022-10-06 14:00:00,NTL,23.4,23.3,23.4,23.05,23.0,23.07
2022-10-07 09:00:00,NTL,23.0,22.85,23.0,22.2,22.1,22.44
2022-10-07 10:00:00,NTL,22.85,21.7,22.85,22.0,21.7,22.21
2022-10-07 11:00:00,NTL,21.75,22.0,22.3,21.8,21.75,22.12
2022-10-07 13:00:00,NTL,22.0,21.75,22.0,21.75,21.7,22.03
2022-10-07 14:00:00,NTL,21.8,21.7,22.0,21.8,21.7,21.919999999999998
2022-10-10 09:00:00,NTL,20.7,21.5,21.6,20.75,20.7,21.8
2022-10-10 10:00:00,NTL,21.0,20.8,21.5,20.75,20.7,21.599999999999998
2022-10-10 11:00:00,NTL,20.8,21.4,21.6,21.0,20.8,21.31
2022-10-10 13:00:00,NTL,21.4,22.05,22.4,21.5,21.4,21.62
2022-10-10 14:00:00,NTL,22.25,22.1,22.3,22.1,22.05,21.919999999999998
2022-10-11 09:00:00,NTL,22.0,21.6,22.0,21.65,21.6,21.72
2022-10-11 10:00:00,NTL,21.9,21.0,21.9,21.3,21.0,21.49
2022-10-11 11:00:00,NTL,21.4,21.4,21.45,21.4,21.0,21.36
2022-10-11 13:00:00,NTL,21.4,20.65,21.4,20.65,20.6,20.84
2022-10-11 14:00:00,NTL,20.65,20.6,20.7,20.65,20.6,20.76
2022-10-12 09:00:00,NTL,20.2,21.0,21.05,20.55,20.2,20.68
2022-10-12 10:00:00,NTL,21.0,21.15,21.3,21.0,20.95,20.76
2022-10-12 11:00:00,NTL,21.15,21.25,21.25,21.1,21.0,20.83
2022-10-12 13:00:00,NTL,21.25,22.0,22.0,21.3,21.25,21.33
2022-10-12 14:00:00,NTL,22.0,22.0,22.0,22.0,22.0,21.76
2022-10-13 09:00:00,NTL,22.35,21.65,22.45,21.7,21.65,21.76
2022-10-13 10:00:00,NTL,21.65,21.9,22.1,21.7,21.65,21.63
2022-10-13 11:00:00,NTL,21.9,21.8,21.9,21.85,21.8,21.73
2022-10-13 13:00:00,NTL,21.85,21.8,21.9,21.75,21.7,21.69
2022-10-13 14:00:00,NTL,21.8,21.75,21.9,21.75,21.7,21.7
2022-10-14 09:00:00,NTL,22.25,22.1,22.3,22.0,21.9,21.83
2022-10-14 10:00:00,NTL,22.1,22.3,22.45,22.1,22.05,21.97
2022-10-14 11:00:00,NTL,22.3,22.35,22.4,22.25,22.15,22.09
2022-10-14 13:00:00,NTL,22.35,22.15,22.35,22.05,22.0,22.03
2022-10-14 14:00:00,NTL,22.15,22.45,22.45,22.2,22.15,22.03
2022-10-17 09:00:00,NTL,22.0,22.45,22.45,22.05,22.0,22.06
2022-10-17 10:00:00,NTL,22.45,21.95,22.45,21.75,21.7,21.93
2022-10-17 11:00:00,NTL,22.0,21.7,22.0,21.75,21.7,21.7
2022-10-17 13:00:00,NTL,21.6,22.0,22.0,21.7,21.6,21.7
2022-10-17 14:00:00,NTL,22.0,22.0,22.2,22.1,22.0,21.95
2022-10-18 09:00:00,NTL,22.4,22.15,22.4,22.15,22.1,22.03
2022-10-18 10:00:00,NTL,22.15,22.6,23.0,22.2,22.15,22.15
2022-10-18 11:00:00,NTL,22.6,22.6,22.6,22.6,22.55,22.5
2022-10-18 13:00:00,NTL,22.6,22.25,22.6,22.15,22.1,22.12
2022-10-18 14:00:00,NTL,22.25,22.05,22.25,22.05,22.0,22.01
2022-10-19 09:00:00,NTL,22.1,22.2,22.25,22.05,22.0,22.0
2022-10-19 10:00:00,NTL,22.2,22.25,22.3,22.15,22.1,22.05
2022-10-19 11:00:00,NTL,22.05,22.1,22.1,22.1,22.05,22.01
2022-10-19 13:00:00,NTL,22.1,22.2,22.2,22.05,22.0,22.02
2022-10-19 14:00:00,NTL,22.15,22.2,22.2,22.05,22.0,22.04
2022-10-20 09:00:00,NTL,22.0,22.15,22.15,22.0,21.9,22.01
2022-10-20 10:00:00,NTL,22.0,22.1,22.1,22.0,21.95,21.99
2022-10-20 11:00:00,NTL,22.1,21.8,22.1,21.9,21.8,21.84
2022-10-20 13:00:00,NTL,21.95,21.6,21.95,21.5,21.45,21.68
2022-10-20 14:00:00,NTL,21.6,21.2,21.8,21.15,21.1,21.21
2022-10-21 09:00:00,NTL,21.2,20.8,21.2,20.55,20.5,20.77
2022-10-21 10:00:00,NTL,20.5,20.1,20.7,20.1,20.0,20.52
2022-10-21 11:00:00,NTL,20.1,20.1,20.6,20.15,20.1,20.4
2022-10-21 13:00:00,NTL,20.1,19.75,20.2,19.8,19.75,20.28
2022-10-21 14:00:00,NTL,19.8,19.75,19.8,19.8,19.75,20.13
2022-10-24 09:00:00,NTL,19.8,18.7,19.8,18.75,18.7,20.04
2022-10-24 10:00:00,NTL,18.7,18.4,18.8,18.45,18.4,19.66
2022-10-24 11:00:00,NTL,18.45,18.4,18.45,18.45,18.4,19.34
2022-10-24 13:00:00,NTL,18.4,18.4,18.55,18.45,18.4,19.0
2022-10-24 14:00:00,NTL,18.4,18.4,18.4,18.4,18.4,18.73
2022-10-25 09:00:00,NTL,17.15,17.35,17.8,17.2,17.15,18.459999999999997
2022-10-25 10:00:00,NTL,17.2,17.2,17.5,17.2,17.15,18.15
2022-10-25 11:00:00,NTL,17.2,17.75,17.8,17.3,17.2,17.9
2022-10-25 13:00:00,NTL,17.75,17.8,18.5,17.7,17.65,17.91
2022-10-25 14:00:00,NTL,17.45,17.35,17.65,17.2,17.15,17.509999999999998
2022-10-26 09:00:00,NTL,16.75,17.35,18.0,17.0,16.75,17.259999999999998
2022-10-26 10:00:00,NTL,17.35,17.0,17.5,17.0,16.9,17.08
2022-10-26 11:00:00,NTL,17.0,16.95,17.0,16.95,16.9,17.02
2022-10-26 13:00:00,NTL,16.95,17.05,17.05,16.6,16.5,17.049999999999997
2022-10-26 14:00:00,NTL,16.9,16.65,16.95,16.7,16.65,16.919999999999998
2022-10-27 09:00:00,NTL,16.0,17.1,17.1,16.25,16.0,16.79
2022-10-27 10:00:00,NTL,17.0,16.65,17.0,16.55,16.4,16.82
2022-10-27 11:00:00,NTL,16.65,16.6,16.8,16.6,16.55,16.49
2022-10-27 13:00:00,NTL,16.8,17.8,17.8,16.85,16.8,17.08
2022-10-27 14:00:00,NTL,17.8,17.8,17.8,17.8,17.8,17.259999999999998
2022-10-28 09:00:00,NTL,18.0,18.0,18.3,18.0,17.85,18.13
2022-10-28 10:00:00,NTL,17.9,17.9,18.0,17.8,17.75,17.53
2022-10-28 11:00:00,NTL,17.9,17.8,17.9,17.9,17.8,17.65
2022-10-28 13:00:00,NTL,17.8,18.0,18.15,17.8,17.75,17.77
2022-10-28 14:00:00,NTL,18.1,17.9,18.1,17.8,17.75,17.79
2022-10-31 09:00:00,NTL,17.9,17.7,17.9,17.8,17.7,17.77
2022-10-31 10:00:00,NTL,17.6,17.45,17.7,17.4,17.3,17.29
2022-10-31 11:00:00,NTL,17.45,17.5,17.55,17.5,17.45,17.189999999999998
2022-10-31 13:00:00,NTL,17.4,17.3,17.4,16.95,16.9,17.13
2022-10-31 14:00:00,NTL,17.3,17.6,17.6,17.2,17.15,17.25
2022-11-01 09:00:00,NTL,17.6,17.7,17.7,17.65,17.6,17.61
2022-11-01 10:00:00,NTL,17.7,17.55,17.85,17.6,17.55,17.57
2022-11-01 11:00:00,NTL,17.5,17.1,17.55,17.5,17.1,17.189999999999998
2022-11-01 13:00:00,NTL,17.2,17.65,17.8,17.3,17.2,17.22
2022-11-01 14:00:00,NTL,17.65,17.5,17.65,17.0,16.8,17.189999999999998
2022-11-02 09:00:00,NTL,17.3,17.6,17.75,17.5,17.3,17.32
2022-11-02 10:00:00,NTL,17.55,17.5,17.55,17.55,17.5,17.44
2022-11-02 11:00:00,NTL,17.4,17.0,17.5,17.1,17.0,17.04
2022-11-02 13:00:00,NTL,17.3,17.4,17.4,17.15,17.1,17.16
2022-11-02 14:00:00,NTL,17.3,17.2,17.3,17.2,17.15,17.009999999999998
2022-11-03 09:00:00,NTL,17.2,17.15,17.2,16.9,16.8,16.99
2022-11-03 10:00:00,NTL,17.1,17.2,17.25,17.05,17.0,17.02
2022-11-03 11:00:00,NTL,16.8,17.2,17.2,17.2,16.8,17.0
2022-11-03 13:00:00,NTL,17.05,17.15,17.2,17.05,17.0,16.93
2022-11-03 14:00:00,NTL,17.1,16.7,17.25,16.8,16.7,16.65
2022-11-04 09:00:00,NTL,16.6,16.05,16.7,16.05,16.0,16.56
2022-11-04 10:00:00,NTL,16.05,15.7,16.1,15.65,15.6,16.32
2022-11-04 11:00:00,NTL,15.7,15.7,15.7,15.65,15.6,16.16
2022-11-04 13:00:00,NTL,15.6,15.85,15.85,15.7,15.6,15.95
2022-11-04 14:00:00,NTL,15.85,15.6,15.85,15.65,15.6,15.87
2022-11-07 09:00:00,NTL,15.1,14.7,15.5,14.8,14.7,15.68
2022-11-07 10:00:00,NTL,14.6,14.75,15.0,14.6,14.55,15.42
2022-11-07 11:00:00,NTL,14.75,14.6,14.75,14.65,14.6,15.209999999999999
2022-11-07 13:00:00,NTL,14.6,14.75,14.8,14.6,14.55,15.01
2022-11-07 14:00:00,NTL,14.75,14.55,14.75,14.6,14.55,14.8
2022-11-08 09:00:00,NTL,14.0,14.65,14.9,14.05,14.0,14.59
2022-11-08 10:00:00,NTL,14.55,14.75,15.05,14.4,14.35,14.450000000000001
2022-11-08 11:00:00,NTL,14.75,14.75,14.75,14.75,14.6,14.52
2022-11-08 13:00:00,NTL,14.75,15.55,15.55,14.8,14.75,14.55
2022-11-08 14:00:00,NTL,15.55,15.55,15.55,15.55,15.5,15.43
2022-11-09 09:00:00,NTL,16.3,16.0,16.3,15.7,15.65,15.68
2022-11-09 10:00:00,NTL,16.0,15.9,16.2,16.0,15.9,15.61
2022-11-09 11:00:00,NTL,15.9,15.85,16.0,15.9,15.85,15.66
2022-11-09 13:00:00,NTL,15.85,15.9,16.05,15.85,15.8,15.709999999999999
2022-11-09 14:00:00,NTL,16.0,16.1,16.1,15.85,15.8,15.76
2022-11-10 09:00:00,NTL,15.9,15.7,15.9,15.4,15.35,15.64
2022-11-10 10:00:00,NTL,15.55,15.4,15.7,15.4,15.35,15.53
2022-11-10 11:00:00,NTL,15.35,15.1,15.35,15.2,15.1,15.18
2022-11-10 13:00:00,NTL,15.1,15.0,15.1,15.05,15.0,14.709999999999999
2022-11-10 14:00:00,NTL,15.0,15.0,15.1,15.1,15.0,14.79
2022-11-11 09:00:00,NTL,15.55,15.5,15.55,15.0,14.95,15.379999999999999
2022-11-11 10:00:00,NTL,15.2,15.5,15.55,15.3,15.2,15.299999999999999
2022-11-11 11:00:00,NTL,15.5,15.5,15.55,15.55,15.5,15.45
2022-11-11 13:00:00,NTL,15.5,15.3,15.7,15.4,15.3,15.299999999999999
2022-11-11 14:00:00,NTL,15.3,15.3,15.5,15.15,15.1,15.18
2022-11-14 09:00:00,NTL,15.15,15.0,15.15,14.7,14.6,14.879999999999999
2022-11-14 10:00:00,NTL,15.1,14.95,15.15,15.0,14.95,14.879999999999999
2022-11-14 11:00:00,NTL,14.9,15.1,15.1,14.9,14.8,14.83
2022-11-14 13:00:00,NTL,15.1,14.8,15.1,14.75,14.7,14.87
2022-11-14 14:00:00,NTL,14.9,14.8,15.0,14.8,14.75,14.72
2022-11-15 09:00:00,NTL,14.8,14.65,14.8,14.65,14.6,14.57
2022-11-15 10:00:00,NTL,14.6,14.5,14.6,14.25,14.2,14.53
2022-11-15 11:00:00,NTL,14.5,14.55,14.55,14.5,14.45,14.5
2022-11-15 13:00:00,NTL,14.5,14.25,14.55,14.25,14.2,14.47
2022-11-15 14:00:00,NTL,14.25,14.4,14.5,14.25,14.2,14.28
2022-11-16 09:00:00,NTL,14.0,14.0,14.2,13.9,13.8,14.209999999999999
2022-11-16 10:00:00,NTL,14.05,14.6,14.9,13.95,13.9,14.19
2022-11-16 11:00:00,NTL,14.6,15.15,15.15,14.75,14.6,14.6
2022-11-16 13:00:00,NTL,15.15,15.4,15.4,15.2,15.15,15.129999999999999
2022-11-16 14:00:00,NTL,15.4,15.4,15.4,15.4,15.4,15.29
2022-11-17 09:00:00,NTL,16.0,15.9,16.1,15.8,15.7,15.790000000000001
2022-11-17 10:00:00,NTL,15.9,15.8,16.05,15.7,15.55,15.709999999999999
2022-11-17 11:00:00,NTL,15.8,15.9,16.0,15.85,15.8,15.7
2022-11-17 13:00:00,NTL,16.0,15.9,16.0,15.75,15.7,15.74
2022-11-17 14:00:00,NTL,15.9,16.0,16.0,15.9,15.8,15.790000000000001
2022-11-18 09:00:00,NTL,15.6,16.0,16.0,15.8,15.6,15.77
2022-11-18 10:00:00,NTL,16.0,16.05,16.05,15.8,15.7,15.76
2022-11-18 11:00:00,NTL,16.0,16.0,16.05,16.0,15.9,15.81
2022-11-18 13:00:00,NTL,16.0,16.5,16.8,15.95,15.9,15.870000000000001
2022-11-18 14:00:00,NTL,16.7,16.55,16.8,16.55,16.5,16.56
2022-11-21 09:00:00,NTL,16.6,16.6,16.8,16.55,16.5,16.52
2022-11-21 10:00:00,NTL,16.7,16.9,17.3,16.7,16.6,16.63
2022-11-21 11:00:00,NTL,16.9,16.9,16.9,16.6,16.55,16.599999999999998
2022-11-21 13:00:00,NTL,16.8,16.6,16.8,16.5,16.45,16.52
2022-11-21 14:00:00,NTL,16.6,16.8,16.85,16.5,16.45,16.51
2022-11-22 09:00:00,NTL,17.0,16.5,17.0,16.5,16.45,16.509999999999998
2022-11-22 10:00:00,NTL,16.7,17.3,17.45,16.7,16.65,16.78
2022-11-22 11:00:00,NTL,17.3,16.8,17.3,16.85,16.8,16.86
2022-11-22 13:00:00,NTL,16.8,16.3,16.8,16.25,16.2,16.38
2022-11-22 14:00:00,NTL,16.3,16.8,16.8,16.15,16.1,16.28
2022-11-23 09:00:00,NTL,16.45,16.6,16.75,16.6,16.45,16.49
2022-11-23 10:00:00,NTL,16.6,16.7,16.7,16.5,16.45,16.49
2022-11-23 11:00:00,NTL,17.0,17.0,17.0,16.8,16.7,16.75
2022-11-23 13:00:00,NTL,16.95,16.65,17.0,16.7,16.65,16.55
2022-11-23 14:00:00,NTL,16.65,16.75,17.0,16.75,16.65,16.56
2022-11-24 09:00:00,NTL,16.8,16.8,16.8,16.8,16.55,16.61
2022-11-24 10:00:00,NTL,16.8,16.7,16.85,16.7,16.5,16.61
2022-11-24 11:00:00,NTL,16.5,16.35,16.5,16.5,16.35,16.49
2022-11-24 13:00:00,NTL,16.35,16.5,16.5,16.1,16.05,16.16
2022-11-24 14:00:00,NTL,16.5,16.7,16.7,16.15,16.1,16.31
2022-11-25 09:00:00,NTL,16.8,17.1,17.15,16.85,16.8,16.74
2022-11-25 10:00:00,NTL,17.0,16.8,17.0,16.85,16.8,16.689999999999998
2022-11-25 11:00:00,NTL,16.8,16.7,16.9,16.8,16.7,16.599999999999998
2022-11-25 13:00:00,NTL,16.6,17.3,17.3,16.7,16.6,16.67
2022-11-25 14:00:00,NTL,17.25,17.75,17.75,17.2,17.1,17.2
2022-11-28 09:00:00,NTL,18.0,18.05,18.25,18.05,18.0,17.78
2022-11-28 10:00:00,NTL,18.1,18.25,18.4,18.15,18.1,18.21
2022-11-28 11:00:00,NTL,18.25,18.35,18.35,18.3,18.25,18.259999999999998
2022-11-28 13:00:00,NTL,18.3,18.2,18.35,18.15,18.1,18.12
2022-11-28 14:00:00,NTL,18.2,18.25,18.35,18.2,18.1,18.17
2022-11-29 09:00:00,NTL,18.5,18.6,18.6,18.35,18.3,18.369999999999997
2022-11-29 10:00:00,NTL,18.65,17.8,18.7,17.75,17.7,17.98
2022-11-29 11:00:00,NTL,17.8,17.6,17.8,17.6,17.55,17.59
2022-11-29 13:00:00,NTL,17.65,17.6,18.0,17.55,17.5,17.54
2022-11-29 14:00:00,NTL,17.55,18.0,18.2,17.7,17.55,17.69
2022-11-30 09:00:00,NTL,18.0,17.8,18.0,17.9,17.8,17.76
2022-11-30 10:00:00,NTL,17.8,18.4,18.65,17.9,17.8,17.96
2022-11-30 11:00:00,NTL,18.0,18.25,18.35,18.25,18.0,18.11
2022-11-30 13:00:00,NTL,18.05,18.35,18.45,18.05,18.0,18.11
2022-11-30 14:00:00,NTL,18.4,18.25,18.4,18.2,18.15,18.25
2022-12-01 09:00:00,NTL,18.45,18.8,19.0,18.5,18.45,18.38
2022-12-01 10:00:00,NTL,18.8,18.3,18.85,18.35,18.3,18.38
2022-12-01 11:00:00,NTL,18.35,18.4,18.55,18.4,18.35,18.349999999999998
2022-12-01 13:00:00,NTL,18.45,17.95,18.6,18.0,17.95,18.03
2022-12-01 14:00:00,NTL,17.95,17.55,18.2,17.6,17.55,17.62
2022-12-02 09:00:00,NTL,17.5,17.4,17.5,17.1,17.05,17.02
2022-12-02 10:00:00,NTL,17.4,17.15,17.45,17.15,17.1,17.02
2022-12-02 11:00:00,NTL,17.1,17.1,17.35,17.15,17.1,17.02
2022-12-02 13:00:00,NTL,17.15,17.75,17.8,17.2,17.15,17.19
2022-12-02 14:00:00,NTL,17.75,18.3,18.3,17.7,17.6,17.79
2022-12-05 09:00:00,NTL,18.6,18.35,19.0,18.35,18.3,18.37
2022-12-05 10:00:00,NTL,18.4,18.3,18.6,18.3,18.25,18.34
2022-12-05 11:00:00,NTL,18.3,18.65,18.65,18.3,18.25,18.34
2022-12-05 13:00:00,NTL,18.6,18.3,18.6,18.25,18.2,18.31
2022-12-05 14:00:00,NTL,18.3,18.1,18.35,18.1,18.05,18.14
2022-12-06 09:00:00,NTL,18.0,18.0,18.1,17.7,17.6,17.78
2022-12-06 10:00:00,NTL,18.0,17.7,18.0,17.4,17.35,17.57
2022-12-06 11:00:00,NTL,17.7,17.55,17.95,17.6,17.55,17.580000000000002
2022-12-06 13:00:00,NTL,17.6,17.35,17.6,17.35,17.3,17.29
2022-12-06 14:00:00,NTL,17.35,16.85,17.35,16.9,16.85,16.84
2022-12-07 09:00:00,NTL,16.4,16.6,16.85,16.45,16.4,16.48
2022-12-07 10:00:00,NTL,16.6,16.0,16.6,15.9,15.8,16.05
2022-12-07 11:00:00,NTL,16.0,16.2,16.45,16.05,16.0,15.91
2022-12-07 13:00:00,NTL,16.0,16.0,16.4,15.9,15.85,15.86
2022-12-07 14:00:00,NTL,16.2,15.85,16.2,15.95,15.85,15.8
2022-12-08 09:00:00,NTL,15.95,16.4,16.5,16.1,15.95,15.92
2022-12-08 10:00:00,NTL,16.4,16.55,16.85,16.35,16.3,16.38
2022-12-08 11:00:00,NTL,16.55,16.45,16.8,16.5,16.45,16.48
2022-12-08 13:00:00,NTL,16.4,16.3,16.7,16.35,16.3,16.31
2022-12-08 14:00:00,NTL,16.3,16.0,16.5,15.85,15.8,15.83
2022-12-09 09:00:00,NTL,16.0,16.3,16.3,16.05,16.0,15.9
2022-12-09 10:00:00,NTL,16.3,16.1,16.4,16.05,16.0,15.9
2022-12-09 11:00:00,NTL,16.05,16.15,16.15,16.05,16.0,15.86
2022-12-09 13:00:00,NTL,16.1,15.85,16.25,15.7,15.65,15.7
2022-12-09 14:00:00,NTL,15.85,15.8,16.0,15.85,15.8,15.74
2022-12-12 09:00:00,NTL,15.85,16.05,16.2,15.95,15.85,15.84
2022-12-12 10:00:00,NTL,16.0,16.4,16.6,15.95,15.9,15.98
2022-12-12 11:00:00,NTL,16.45,16.4,16.45,16.4,16.35,16.32
2022-12-12 13:00:00,NTL,16.4,16.2,16.4,16.25,16.2,16.21
2022-12-12 14:00:00,NTL,16.2,16.0,16.3,15.85,15.8,15.76
2022-12-13 09:00:00,NTL,16.05,16.1,16.25,16.05,16.0,15.96
2022-12-13 10:00:00,NTL,16.1,16.0,16.2,16.05,16.0,15.93
2022-12-13 11:00:00,NTL,16.0,16.0,16.0,16.0,15.95,15.81
2022-12-13 13:00:00,NTL,16.0,16.05,16.1,15.85,15.8,15.78
2022-12-13 14:00:00,NTL,16.0,16.3,16.3,16.0,15.95,15.99
2022-12-14 09:00:00,NTL,16.55,16.5,16.55,16.5,16.45,16.41
2022-12-14 10:00:00,NTL,16.5,16.5,16.55,16.5,16.45,16.41
2022-12-14 11:00:00,NTL,16.5,16.55,16.55,16.5,16.45,16.41
2022-12-14 13:00:00,NTL,16.55,16.6,16.9,16.6,16.55,16.49
2022-12-14 14:00:00,NTL,16.6,16.65,16.75,16.65,16.6,16.5
2022-12-15 09:00:00,NTL,16.65,17.25,17.5,16.65,16.6,16.63
2022-12-15 10:00:00,NTL,17.3,17.2,17.4,17.05,17.0,17.08
2022-12-15 11:00:00,NTL,17.2,17.05,17.2,17.15,17.05,17.01
2022-12-15 13:00:00,NTL,17.0,17.45,17.45,17.0,16.95,17.05
2022-12-15 14:00:00,NTL,17.4,17.45,17.45,17.2,17.15,17.07
2022-12-19 09:00:00,NTL,18.4,18.25,18.4,18.1,18.05,18.13
2022-12-19 10:00:00,NTL,18.25,18.3,18.45,18.25,18.2,18.14
2022-12-19 11:00:00,NTL,18.3,18.2,18.3,18.25,18.2,18.13
2022-12-19 13:00:00,NTL,18.2,17.8,18.2,17.8,17.75,17.75
2022-12-19 14:00:00,NTL,17.8,17.1,17.9,17.5,17.1,17.36
2022-12-20 09:00:00,NTL,17.2,16.95,17.5,17.0,16.95,16.97
2022-12-20 10:00:00,NTL,17.0,16.7,17.15,16.55,16.5,16.57
2022-12-20 11:00:00,NTL,16.7,16.6,16.85,16.6,16.55,16.51
2022-12-20 13:00:00,NTL,16.55,16.3,16.6,16.05,16.0,16.07
2022-12-20 14:00:00,NTL,16.35,16.25,16.8,16.2,16.15,16.13
2022-12-21 09:00:00,NTL,16.7,16.5,16.7,16.2,16.1,16.24
2022-12-21 10:00:00,NTL,16.5,16.3,16.5,16.25,16.2,16.240000000000002
2022-12-21 11:00:00,NTL,16.35,16.3,16.4,16.35,16.3,16.28
2022-12-21 13:00:00,NTL,16.3,15.8,16.3,15.65,15.6,15.71
2022-12-21 14:00:00,NTL,15.85,16.15,16.15,15.7,15.65,15.790000000000001
2022-12-22 09:00:00,NTL,16.35,16.25,16.35,16.2,16.15,16.21
2022-12-22 10:00:00,NTL,16.25,16.2,16.35,16.2,16.15,16.13
2022-12-22 11:00:00,NTL,16.2,16.0,16.2,16.1,16.0,15.95
2022-12-22 13:00:00,NTL,16.0,16.1,16.2,15.95,15.9,15.89
2022-12-22 14:00:00,NTL,16.1,16.15,16.15,16.1,16.0,15.98
2022-12-23 09:00:00,NTL,16.15,16.2,16.25,16.1,16.05,16.03
2022-12-23 10:00:00,NTL,16.2,16.0,16.2,16.0,15.95,15.93
2022-12-23 11:00:00,NTL,16.0,15.8,16.0,15.85,15.8,15.77
2022-12-23 13:00:00,NTL,15.8,16.0,16.1,15.85,15.8,15.81
2022-12-23 14:00:00,NTL,15.9,15.85,16.15,15.85,15.8,15.790000000000001
2022-12-26 09:00:00,NTL,15.8,15.7,15.9,15.75,15.7,15.67
2022-12-26 10:00:00,NTL,15.8,15.75,16.0,15.8,15.75,15.74
2022-12-26 11:00:00,NTL,15.75,15.7,15.8,15.75,15.7,15.65
2022-12-26 13:00:00,NTL,15.65,15.55,15.8,15.55,15.5,15.549999999999999
2022-12-26 14:00:00,NTL,15.55,15.1,15.65,15.2,15.1,15.16
2022-12-27 09:00:00,NTL,15.1,15.3,15.3,15.3,15.1,15.19
2022-12-28 09:00:00,NTL,15.55,15.25,15.55,15.3,15.25,15.25
2022-12-28 10:00:00,NTL,15.2,15.45,15.5,15.15,15.05,15.19
2022-12-28 11:00:00,NTL,15.4,15.3,15.45,15.4,15.3,15.31
2022-12-28 13:00:00,NTL,15.4,15.45,15.5,15.45,15.4,15.41
2022-12-28 14:00:00,NTL,15.4,15.45,15.85,15.45,15.4,15.41
2022-12-29 09:00:00,NTL,15.15,15.5,15.6,15.4,15.15,15.24
2022-12-29 10:00:00,NTL,15.5,15.45,15.6,15.45,15.4,15.41
2022-12-29 11:00:00,NTL,15.45,15.3,15.45,15.35,15.3,15.35
2022-12-29 13:00:00,NTL,15.3,15.4,15.45,15.35,15.3,15.32
2022-12-29 14:00:00,NTL,15.4,15.4,15.4,15.4,15.35,15.4
2022-12-30 09:00:00,NTL,15.5,15.45,15.5,15.35,15.25,15.370000000000001
2022-12-30 10:00:00,NTL,15.4,15.4,15.5,15.5,15.4,15.370000000000001
2022-12-30 11:00:00,NTL,15.4,15.45,15.5,15.45,15.4,15.4
2022-12-30 13:00:00,NTL,15.45,15.5,15.5,15.4,15.35,15.370000000000001
2022-12-30 14:00:00,NTL,15.4,15.5,15.5,15.45,15.4,15.39
2023-01-03 09:00:00,NTL,15.6,15.9,16.0,15.6,15.55,15.66
2023-01-03 10:00:00,NTL,16.0,15.9,16.05,15.95,15.9,15.88
2023-01-03 11:00:00,NTL,15.9,15.95,16.05,15.95,15.9,15.85
2023-01-03 13:00:00,NTL,16.0,16.15,16.15,15.9,15.5,15.84
2023-01-03 14:00:00,NTL,16.15,16.15,16.2,16.15,16.1,16.01
2023-01-04 09:00:00,NTL,16.3,16.1,16.3,16.1,16.05,16.07
2023-01-04 10:00:00,NTL,16.05,16.15,16.25,16.1,16.05,16.03
2023-01-04 11:00:00,NTL,16.15,16.1,16.15,16.15,16.1,16.03
2023-01-04 13:00:00,NTL,16.15,16.15,16.3,16.1,16.05,16.07
2023-01-04 14:00:00,NTL,16.1,16.05,16.15,16.1,16.05,16.02
2023-01-05 09:00:00,NTL,16.3,16.25,16.3,16.1,16.05,16.09
2023-01-05 10:00:00,NTL,16.2,16.1,16.35,16.0,15.95,16.02
2023-01-05 11:00:00,NTL,16.1,15.95,16.1,15.85,15.8,15.76
2023-01-05 13:00:00,NTL,15.9,16.25,16.25,15.95,15.9,15.84
2023-01-05 14:00:00,NTL,16.25,16.2,16.3,16.1,16.05,16.07
2023-01-06 09:00:00,NTL,16.0,16.2,16.2,16.05,16.0,15.99
2023-01-06 10:00:00,NTL,16.2,16.1,16.25,16.15,16.1,16.060000000000002
2023-01-06 11:00:00,NTL,16.2,16.15,16.2,16.1,16.05,16.07
2023-01-06 13:00:00,NTL,16.1,15.95,16.1,15.95,15.9,15.91
2023-01-06 14:00:00,NTL,15.95,16.15,16.2,15.95,15.9,15.83
2023-01-09 09:00:00,NTL,16.15,16.1,16.2,16.15,16.1,16.07
2023-01-09 10:00:00,NTL,16.1,16.15,16.2,16.15,16.1,16.07
2023-01-09 11:00:00,NTL,16.0,15.8,16.2,15.8,15.75,15.700000000000001
2023-01-09 13:00:00,NTL,15.85,15.85,16.05,16.05,15.85,15.85
2023-01-09 14:00:00,NTL,16.0,16.0,16.0,16.0,15.9,15.95
2023-01-10 09:00:00,NTL,16.0,15.75,16.0,15.8,15.75,15.74
2023-01-10 10:00:00,NTL,15.8,15.7,15.85,15.65,15.6,15.67
2023-01-10 11:00:00,NTL,15.7,15.85,15.95,15.6,15.55,15.6
2023-01-10 13:00:00,NTL,15.7,16.0,16.1,15.75,15.7,15.73
2023-01-10 14:00:00,NTL,16.05,16.3,16.3,16.05,16.0,16.01
2023-01-11 09:00:00,NTL,16.4,16.95,17.0,16.45,16.4,16.36
2023-01-11 10:00:00,NTL,16.95,16.9,17.05,16.8,16.75,16.69
2023-01-11 11:00:00,NTL,16.9,16.95,16.95,16.9,16.85,16.74
2023-01-11 13:00:00,NTL,16.95,16.85,16.95,16.85,16.8,16.8
2023-01-11 14:00:00,NTL,16.9,17.0,17.0,16.85,16.8,16.8
2023-01-12 09:00:00,NTL,17.3,17.2,17.3,17.3,17.2,17.09
2023-01-13 09:00:00,NTL,17.0,16.8,17.0,16.8,16.7,16.74
2023-01-13 10:00:00,NTL,16.75,16.85,16.85,16.8,16.75,16.65
2023-01-13 11:00:00,NTL,16.8,16.8,16.8,16.8,16.8,16.55
2023-01-13 13:00:00,NTL,16.8,16.7,16.8,16.75,16.7,16.66
2023-01-13 14:00:00,NTL,16.7,16.75,16.8,16.75,16.7,16.66
2023-01-16 09:00:00,NTL,16.5,16.5,16.6,16.5,16.35,16.43
2023-01-16 10:00:00,NTL,16.45,16.4,16.5,16.3,16.25,16.3
2023-01-16 11:00:00,NTL,16.4,16.25,16.4,16.25,16.2,16.2
2023-01-16 13:00:00,NTL,16.25,16.5,16.6,16.25,16.2,16.25
2023-01-16 14:00:00,NTL,16.5,16.75,16.75,16.35,16.3,16.34
2023-01-17 09:00:00,NTL,16.75,16.8,16.9,16.55,16.5,16.5
2023-01-17 10:00:00,NTL,16.8,16.8,16.85,16.8,16.75,16.7
2023-01-17 11:00:00,NTL,16.8,16.8,16.8,16.8,16.75,16.55
2023-01-17 13:00:00,NTL,16.75,16.95,17.05,16.8,16.75,16.79
2023-01-17 14:00:00,NTL,16.9,17.0,17.05,16.95,16.9,16.8
2023-01-18 09:00:00,NTL,17.0,16.9,17.2,16.9,16.85,16.81
2023-01-18 10:00:00,NTL,16.9,16.95,16.95,16.75,16.7,16.78
2023-01-18 11:00:00,NTL,16.95,16.95,17.05,16.9,16.85,16.84
2023-01-18 13:00:00,NTL,16.95,17.35,17.35,16.95,16.9,16.97
2023-01-18 14:00:00,NTL,17.35,18.1,18.15,17.4,17.35,17.32
2023-01-19 09:00:00,NTL,18.1,17.9,18.1,17.9,17.8,17.73
2023-01-19 10:00:00,NTL,17.85,17.85,18.0,17.85,17.8,17.77
2023-01-19 11:00:00,NTL,17.85,17.75,17.85,17.8,17.75,17.77
2023-01-19 13:00:00,NTL,17.7,17.9,17.95,17.75,17.7,17.77
2023-01-19 14:00:00,NTL,17.85,18.0,18.0,17.9,17.85,17.76
2023-01-27 09:00:00,NTL,17.95,17.75,18.0,17.8,17.75,17.77
2023-01-27 10:00:00,NTL,17.75,17.85,17.85,17.65,17.6,17.72
2023-01-27 11:00:00,NTL,17.8,17.8,17.85,17.8,17.75,17.73
2023-01-27 13:00:00,NTL,17.8,18.05,18.25,17.85,17.8,17.810000000000002
2023-01-27 14:00:00,NTL,18.1,18.05,18.2,18.05,18.0,17.96
2023-01-30 09:00:00,NTL,18.05,18.1,18.1,17.85,17.8,17.8
2023-01-30 10:00:00,NTL,18.15,18.2,18.35,18.2,18.15,18.1
2023-01-30 11:00:00,NTL,18.2,18.2,18.35,18.15,18.1,18.1
2023-01-30 13:00:00,NTL,18.15,18.2,18.5,18.15,18.1,18.13
2023-01-30 14:00:00,NTL,18.2,18.1,18.25,18.1,18.05,18.080000000000002
2023-01-31 09:00:00,NTL,18.1,18.0,18.2,17.85,17.8,17.84
2023-01-31 10:00:00,NTL,18.0,18.0,18.05,18.0,17.95,17.89
2023-01-31 11:00:00,NTL,18.0,17.95,18.0,18.0,17.95,17.830000000000002
2023-01-31 13:00:00,NTL,17.9,18.1,18.1,17.95,17.9,17.830000000000002
2023-01-31 14:00:00,NTL,18.1,18.45,18.45,18.1,18.05,18.1
2023-02-01 09:00:00,NTL,18.55,18.45,18.55,18.45,18.4,18.37
2023-02-01 10:00:00,NTL,18.45,18.25,18.45,18.3,18.25,18.25
2023-02-01 11:00:00,NTL,18.25,18.2,18.3,18.25,18.2,18.13
2023-02-01 13:00:00,NTL,18.2,17.85,18.3,17.85,17.8,17.79
2023-02-01 14:00:00,NTL,17.85,17.2,18.0,17.25,17.2,17.36
2023-02-02 09:00:00,NTL,17.25,17.15,17.35,16.9,16.85,16.919999999999998
2023-02-02 10:00:00,NTL,17.15,17.1,17.15,17.0,16.95,16.94
2023-02-02 11:00:00,NTL,17.1,17.15,17.2,17.15,17.1,17.02
2023-02-02 13:00:00,NTL,17.1,17.15,17.2,17.0,16.95,16.97
2023-02-02 14:00:00,NTL,17.2,17.1,17.2,17.05,17.0,17.01
2023-02-03 09:00:00,NTL,17.1,17.3,17.4,17.25,17.1,17.14
2023-02-03 10:00:00,NTL,17.3,17.35,17.4,17.35,17.3,17.14
2023-02-03 11:00:00,NTL,17.35,17.4,17.4,17.35,17.3,17.24
2023-02-03 13:00:00,NTL,17.3,17.3,17.45,17.35,17.3,17.21
2023-02-03 14:00:00,NTL,17.25,17.25,17.35,17.3,17.25,17.21
2023-02-06 09:00:00,NTL,17.25,17.65,17.8,17.2,17.15,17.16
2023-02-06 10:00:00,NTL,17.65,17.55,17.7,17.35,17.3,17.42
2023-02-06 11:00:00,NTL,17.55,17.4,17.55,17.55,17.4,17.330000000000002
2023-02-06 13:00:00,NTL,17.4,17.35,17.4,17.4,17.35,17.26
2023-02-06 14:00:00,NTL,17.4,17.3,17.4,17.3,17.25,17.3
2023-02-07 09:00:00,NTL,17.5,17.4,17.5,17.4,17.35,17.36
2023-02-07 10:00:00,NTL,17.35,17.4,17.4,17.35,17.3,17.3
2023-02-07 11:00:00,NTL,17.3,17.2,17.3,17.3,17.2,17.2
2023-02-07 13:00:00,NTL,17.3,17.2,17.3,17.2,17.15,17.15
2023-02-07 14:00:00,NTL,17.2,16.65,17.2,16.8,16.65,16.77
2023-02-08 09:00:00,NTL,17.2,16.9,17.2,16.9,16.85,16.830000000000002
2023-02-08 10:00:00,NTL,16.9,16.95,17.0,16.95,16.9,16.86
2023-02-08 11:00:00,NTL,16.95,16.85,16.95,16.9,16.85,16.81
2023-02-08 13:00:00,NTL,16.85,17.05,17.05,16.85,16.8,16.82
2023-02-08 14:00:00,NTL,17.1,16.8,17.1,16.9,16.8,16.78
2023-02-09 09:00:00,NTL,16.9,16.8,16.9,16.9,16.8,16.810000000000002
2023-02-09 10:00:00,NTL,16.9,16.9,17.0,16.95,16.9,16.87
2023-02-09 11:00:00,NTL,17.0,16.8,17.0,17.0,16.8,16.85
2023-02-09 13:00:00,NTL,16.85,16.95,16.95,16.95,16.85,16.87
2023-02-09 14:00:00,NTL,16.85,16.85,16.9,16.9,16.85,16.830000000000002
2023-02-10 09:00:00,NTL,16.8,16.8,16.8,16.8,16.7,16.55
2023-02-10 10:00:00,NTL,16.8,16.8,16.85,16.8,16.75,16.75
2023-02-10 11:00:00,NTL,16.8,16.75,16.8,16.8,16.75,16.7
2023-02-10 13:00:00,NTL,16.75,16.75,16.8,16.75,16.7,16.7
2023-02-10 14:00:00,NTL,16.8,16.95,16.95,16.7,16.65,16.71
2023-02-13 09:00:00,NTL,16.65,16.85,16.85,16.45,16.4,16.44
2023-02-13 10:00:00,NTL,16.4,16.6,16.6,16.4,16.35,16.38
2023-02-13 11:00:00,NTL,16.55,16.6,16.6,16.6,16.55,16.46
2023-02-13 13:00:00,NTL,16.45,16.35,16.45,16.3,16.2,16.26
2023-02-13 14:00:00,NTL,16.3,16.3,16.5,16.3,16.25,16.23
2023-02-15 09:00:00,NTL,16.15,16.7,16.7,16.2,16.15,16.16
2023-02-15 10:00:00,NTL,16.7,16.65,16.7,16.65,16.6,16.580000000000002
2023-02-15 11:00:00,NTL,16.65,16.7,16.7,16.7,16.65,16.63
2023-02-15 13:00:00,NTL,16.6,16.55,16.65,16.6,16.55,16.51
2023-02-15 14:00:00,NTL,16.55,16.5,16.55,16.55,16.5,16.45
2023-02-16 09:00:00,NTL,16.55,16.7,16.7,16.6,16.55,16.54
2023-02-16 10:00:00,NTL,16.7,16.6,16.7,16.7,16.6,16.59
2023-02-16 11:00:00,NTL,16.6,16.7,16.7,16.7,16.6,16.6
2023-02-16 13:00:00,NTL,16.6,16.7,16.7,16.65,16.6,16.6
2023-02-16 14:00:00,NTL,16.7,17.0,17.0,16.75,16.7,16.73
2023-02-17 09:00:00,NTL,17.0,17.15,17.3,17.05,17.0,17.03
2023-02-17 10:00:00,NTL,17.15,17.05,17.15,17.05,17.0,16.99
2023-02-17 11:00:00,NTL,17.05,16.95,17.05,17.05,16.95,16.89
2023-02-17 13:00:00,NTL,16.95,16.85,16.95,16.8,16.75,16.78
2023-02-17 14:00:00,NTL,16.95,16.9,16.95,16.85,16.8,16.8
2023-02-20 09:00:00,NTL,16.9,17.5,17.55,17.2,16.9,17.05
2023-02-20 10:00:00,NTL,17.5,17.5,17.6,17.4,17.35,17.38
2023-02-20 11:00:00,NTL,17.5,17.6,17.6,17.5,17.45,17.46
2023-02-20 13:00:00,NTL,17.55,17.85,17.9,17.55,17.5,17.59
2023-02-20 14:00:00,NTL,17.85,17.9,17.9,17.85,17.8,17.79
2023-02-21 09:00:00,NTL,17.95,17.8,18.0,17.85,17.8,17.78
2023-02-21 10:00:00,NTL,17.8,17.85,17.9,17.85,17.8,17.79
2023-02-21 11:00:00,NTL,17.85,17.65,17.85,17.65,17.6,17.62
2023-02-21 13:00:00,NTL,17.65,17.8,17.85,17.65,17.6,17.63
2023-02-21 14:00:00,NTL,17.8,17.7,17.8,17.7,17.65,17.69
2023-02-22 09:00:00,NTL,17.45,17.45,17.6,17.3,17.25,17.26
2023-02-22 10:00:00,NTL,17.5,17.35,17.6,17.45,17.35,17.37
2023-02-22 11:00:00,NTL,17.35,17.4,17.4,17.35,17.3,17.3
2023-02-22 13:00:00,NTL,17.35,17.35,17.5,17.15,17.1,17.14
2023-02-22 14:00:00,NTL,17.4,17.2,17.45,17.3,17.2,17.21
2023-02-23 09:00:00,NTL,16.95,16.95,17.2,16.95,16.9,16.88
2023-02-23 10:00:00,NTL,16.95,16.85,17.0,16.65,16.6,16.69
2023-02-23 11:00:00,NTL,16.85,16.6,16.85,16.65,16.6,16.57
2023-02-23 13:00:00,NTL,16.6,16.65,16.7,16.65,16.6,16.6
2023-02-23 14:00:00,NTL,16.6,16.75,16.8,16.35,16.3,16.419999999999998
2023-02-24 09:00:00,NTL,17.0,16.85,17.0,16.85,16.8,16.79
2023-02-24 10:00:00,NTL,16.85,16.8,16.85,16.85,16.8,16.740000000000002
2023-02-24 11:00:00,NTL,16.65,16.6,16.65,16.65,16.6,16.580000000000002
2023-02-24 13:00:00,NTL,16.6,16.6,16.75,16.6,16.55,16.560000000000002
2023-02-24 14:00:00,NTL,16.75,16.6,16.8,16.6,16.55,16.53
2023-02-27 09:00:00,NTL,16.55,16.4,16.55,16.2,16.1,16.15
2023-02-27 10:00:00,NTL,16.4,16.3,16.4,16.35,16.3,16.25
2023-02-27 11:00:00,NTL,16.35,16.3,16.4,16.35,16.3,16.3
2023-02-27 13:00:00,NTL,16.3,16.55,16.55,16.25,16.2,16.22
2023-02-27 14:00:00,NTL,16.4,16.3,16.4,16.35,16.3,16.3
2023-02-28 09:00:00,NTL,16.3,16.4,16.6,16.35,16.3,16.24
2023-02-28 10:00:00,NTL,16.4,16.35,16.6,16.4,16.35,16.310000000000002
2023-02-28 11:00:00,NTL,16.4,16.35,16.4,16.4,16.35,16.310000000000002
2023-02-28 13:00:00,NTL,16.4,16.25,16.4,16.3,16.25,16.26
2023-02-28 14:00:00,NTL,16.3,16.3,16.35,16.3,16.25,16.29
2023-03-01 09:00:00,NTL,16.3,16.25,16.3,16.15,16.1,16.09
2023-03-01 10:00:00,NTL,16.2,16.5,16.5,16.3,16.2,16.2
2023-03-01 11:00:00,NTL,16.5,16.45,16.5,16.45,16.4,16.39
2023-03-01 13:00:00,NTL,16.45,16.4,16.6,16.45,16.4,16.38
2023-03-01 14:00:00,NTL,16.4,16.5,16.6,16.4,16.35,16.35
2023-03-02 09:00:00,NTL,16.5,16.55,16.6,16.55,16.5,16.46
2023-03-02 10:00:00,NTL,16.55,16.7,16.7,16.6,16.55,16.55
2023-03-02 11:00:00,NTL,16.65,16.6,16.65,16.65,16.6,16.6
2023-03-02 13:00:00,NTL,16.6,16.7,16.7,16.6,16.55,16.580000000000002
2023-03-02 14:00:00,NTL,16.7,16.65,16.7,16.65,16.6,16.6
2023-03-03 09:00:00,NTL,16.6,16.7,16.7,16.65,16.6,16.6
2023-03-03 10:00:00,NTL,16.7,16.65,16.7,16.65,16.6,16.6
2023-03-03 11:00:00,NTL,16.65,16.65,16.8,16.65,16.6,16.57
2023-03-03 13:00:00,NTL,16.6,16.65,16.7,16.65,16.6,16.6
2023-03-03 14:00:00,NTL,16.7,16.5,16.75,16.6,16.5,16.54
2023-03-06 09:00:00,NTL,17.15,17.0,17.2,16.9,16.5,16.89
2023-03-06 10:00:00,NTL,17.0,16.95,17.1,16.95,16.9,16.88
2023-03-06 11:00:00,NTL,16.95,16.95,16.95,16.95,16.9,16.88
2023-03-06 13:00:00,NTL,17.0,16.9,17.05,16.95,16.9,16.87
2023-03-06 14:00:00,NTL,16.9,16.7,16.9,16.75,16.7,16.64
2023-03-07 09:00:00,NTL,17.1,16.85,17.1,16.9,16.85,16.86
2023-03-07 10:00:00,NTL,16.85,16.8,16.85,16.8,16.75,16.73
2023-03-07 11:00:00,NTL,16.85,16.85,16.9,16.9,16.85,16.85
2023-03-07 13:00:00,NTL,16.85,16.7,16.85,16.65,16.6,16.63
2023-03-07 14:00:00,NTL,16.7,16.7,16.75,16.65,16.6,16.61
2023-03-08 09:00:00,NTL,16.8,16.5,16.8,16.55,16.5,16.52
2023-03-08 10:00:00,NTL,16.5,16.6,16.6,16.55,16.5,16.46
2023-03-08 11:00:00,NTL,16.6,16.55,16.6,16.6,16.55,16.560000000000002
2023-03-08 13:00:00,NTL,16.55,16.65,16.7,16.45,16.4,16.46
2023-03-08 14:00:00,NTL,16.45,16.8,16.8,16.5,16.45,16.46
2023-03-09 09:00:00,NTL,16.8,16.85,17.1,16.85,16.8,16.83
2023-03-09 10:00:00,NTL,16.9,16.9,16.95,16.9,16.85,16.84
2023-03-09 11:00:00,NTL,16.85,16.85,16.85,16.85,16.85,16.8
2023-03-09 13:00:00,NTL,16.85,16.8,16.9,16.75,16.7,16.75
2023-03-09 14:00:00,NTL,16.85,16.8,16.9,16.85,16.8,16.810000000000002
2023-03-10 09:00:00,NTL,16.8,16.5,16.8,16.6,16.5,16.53
2023-03-10 10:00:00,NTL,16.55,16.55,16.7,16.55,16.5,16.53
2023-03-10 11:00:00,NTL,16.55,16.55,16.6,16.6,16.55,16.53
2023-03-10 13:00:00,NTL,16.55,16.65,16.65,16.6,16.55,16.57
2023-03-10 14:00:00,NTL,16.7,16.7,16.7,16.7,16.6,16.61
2023-03-13 09:00:00,NTL,16.4,16.5,16.65,16.5,16.4,16.41
2023-03-13 10:00:00,NTL,16.5,16.5,16.55,16.55,16.5,16.44
2023-03-13 11:00:00,NTL,16.55,16.6,16.6,16.55,16.5,16.53
2023-03-13 13:00:00,NTL,16.55,16.5,16.55,16.5,16.45,16.45
2023-03-13 14:00:00,NTL,16.5,16.6,16.6,16.5,16.45,16.46
2023-03-14 09:00:00,NTL,16.45,16.5,16.5,16.5,16.45,16.45
2023-03-14 10:00:00,NTL,16.5,16.5,16.5,16.5,16.45,16.439999999999998
2023-03-14 11:00:00,NTL,16.5,16.4,16.5,16.3,16.25,16.22
2023-03-14 13:00:00,NTL,16.35,16.3,16.35,16.25,16.2,16.23
2023-03-14 14:00:00,NTL,16.2,16.15,16.3,16.2,16.15,16.09
2023-03-15 09:00:00,NTL,16.6,16.5,16.6,16.45,16.35,16.44
2023-03-15 10:00:00,NTL,16.5,16.6,16.6,16.55,16.5,16.5
2023-03-15 11:00:00,NTL,16.6,16.65,16.7,16.6,16.55,16.59
2023-03-15 13:00:00,NTL,16.6,16.8,16.8,16.65,16.6,16.61
2023-03-15 14:00:00,NTL,16.75,16.7,16.8,16.7,16.65,16.64
2023-03-16 09:00:00,NTL,16.5,16.5,16.5,16.5,16.5,16.45
2023-03-16 10:00:00,NTL,16.8,16.6,16.8,16.6,16.5,16.53
2023-03-16 11:00:00,NTL,16.7,16.5,16.7,16.55,16.5,16.51
2023-03-16 13:00:00,NTL,16.5,16.6,16.6,16.55,16.5,16.5
2023-03-16 14:00:00,NTL,16.6,16.5,16.6,16.55,16.5,16.52
2023-03-17 09:00:00,NTL,16.6,16.8,16.85,16.7,16.6,16.65
2023-03-17 10:00:00,NTL,16.75,16.75,16.75,16.75,16.7,16.7
2023-03-17 11:00:00,NTL,16.75,16.7,16.75,16.7,16.65,16.65
2023-03-17 13:00:00,NTL,16.7,16.7,16.7,16.7,16.65,16.6
2023-03-17 14:00:00,NTL,16.7,16.75,16.75,16.7,16.65,16.65
2023-03-20 09:00:00,NTL,16.85,16.75,16.85,16.7,16.5,16.64
2023-03-20 10:00:00,NTL,16.75,16.65,16.75,16.7,16.65,16.62
2023-03-20 11:00:00,NTL,16.6,16.7,16.7,16.7,16.6,16.6
2023-03-20 13:00:00,NTL,16.6,16.55,16.7,16.55,16.5,16.54
2023-03-20 14:00:00,NTL,16.55,16.5,16.55,16.45,16.4,16.43
2023-03-21 09:00:00,NTL,16.8,16.6,16.8,16.65,16.6,16.56
2023-03-21 10:00:00,NTL,16.6,16.7,16.7,16.7,16.6,16.6
2023-03-21 11:00:00,NTL,16.6,16.55,16.6,16.6,16.55,16.55
2023-03-21 13:00:00,NTL,16.6,16.65,16.7,16.65,16.6,16.6
2023-03-21 14:00:00,NTL,16.65,16.7,16.7,16.65,16.6,16.6
2023-03-22 09:00:00,NTL,16.6,16.75,16.8,16.7,16.6,16.63
2023-03-22 10:00:00,NTL,16.7,16.65,16.75,16.7,16.65,16.61
2023-03-22 11:00:00,NTL,16.6,16.6,16.6,16.6,16.6,16.55
2023-03-22 13:00:00,NTL,16.65,16.65,16.7,16.7,16.65,16.61
2023-03-22 14:00:00,NTL,16.6,16.6,16.7,16.7,16.6,16.61
2023-03-23 09:00:00,NTL,16.6,16.5,16.6,16.5,16.45,16.45
2023-03-23 10:00:00,NTL,16.55,16.55,16.6,16.55,16.5,16.52
2023-03-23 11:00:00,NTL,16.55,16.55,16.55,16.55,16.55,16.48
2023-03-23 13:00:00,NTL,16.55,16.6,16.6,16.6,16.55,16.55
2023-03-23 14:00:00,NTL,16.6,16.65,16.65,16.55,16.5,16.53
2023-03-24 09:00:00,NTL,16.7,16.75,16.8,16.75,16.7,16.7
2023-03-24 10:00:00,NTL,16.8,16.8,16.85,16.75,16.7,16.71
2023-03-24 11:00:00,NTL,16.8,16.8,16.8,16.8,16.8,16.55
2023-03-24 13:00:00,NTL,16.75,17.05,17.05,16.75,16.7,16.74
2023-03-24 14:00:00,NTL,17.0,16.9,17.0,16.95,16.9,16.88
